Added Component: Designator=C1(CAP_SMD_6_3MM)
Add component (AddParameter): Name = "AEMS Code"; Value = "2100110"; VariantName = "[No Variations]"
Add component (AddParameter): Name = "ComponentLink1Description"; Value = "Digikey Part Link"; VariantName = "[No Variations]"
Add component (AddParameter): Name = "ComponentLink1URL"; Value = ""; VariantName = "[No Variations]"
Add component (AddParameter): Name = "ComponentLink2Description"; Value = "Open Datasheet"; VariantName = "[No Variations]"
Add component (AddParameter): Name = "ComponentLink2URL"; Value = "H:\LIBRARY\LIBRARY.Datasheet\"; VariantName = "[No Variations]"
Add component (AddParameter): Name = "Manufacturer"; Value = "FARNELL"; VariantName = "[No Variations]"
Add component (AddParameter): Name = "Manufacturer P/N"; Value = ""; VariantName = "[No Variations]"
Add component (AddParameter): Name = "Published"; Value = "13-April-2009"; VariantName = "[No Variations]"
Add component (AddParameter): Name = "Publisher"; Value = "Hoang Nguyen"; VariantName = "[No Variations]"
Add component (AddParameter): Name = "Value"; Value = "47uF"; VariantName = "[No Variations]"
Add component (AddParameter): Name = "Vendor"; Value = "Digikey"; VariantName = "[No Variations]"
Add component (AddParameter): Name = "Vendor P/N"; Value = ""; VariantName = "[No Variations]"
Add component (AddParameter): Name = "Volt"; Value = "25V"; VariantName = "[No Variations]"
Added Component: Designator=C2(CAP_SMD_6_3MM)
Add component (AddParameter): Name = "AEMS Code"; Value = "2100110"; VariantName = "[No Variations]"
Add component (AddParameter): Name = "ComponentLink1Description"; Value = "Digikey Part Link"; VariantName = "[No Variations]"
Add component (AddParameter): Name = "ComponentLink1URL"; Value = ""; VariantName = "[No Variations]"
Add component (AddParameter): Name = "ComponentLink2Description"; Value = "Open Datasheet"; VariantName = "[No Variations]"
Add component (AddParameter): Name = "ComponentLink2URL"; Value = "H:\LIBRARY\LIBRARY.Datasheet\"; VariantName = "[No Variations]"
Add component (AddParameter): Name = "Manufacturer"; Value = "FARNELL"; VariantName = "[No Variations]"
Add component (AddParameter): Name = "Manufacturer P/N"; Value = ""; VariantName = "[No Variations]"
Add component (AddParameter): Name = "Published"; Value = "13-April-2009"; VariantName = "[No Variations]"
Add component (AddParameter): Name = "Publisher"; Value = "Hoang Nguyen"; VariantName = "[No Variations]"
Add component (AddParameter): Name = "Value"; Value = "47uF"; VariantName = "[No Variations]"
Add component (AddParameter): Name = "Vendor"; Value = "Digikey"; VariantName = "[No Variations]"
Add component (AddParameter): Name = "Vendor P/N"; Value = ""; VariantName = "[No Variations]"
Add component (AddParameter): Name = "Volt"; Value = "25V"; VariantName = "[No Variations]"
Added Component: Designator=C3(C-NP-0805)
Add component (AddParameter): Name = "LatestRevisionDate"; Value = "17-Jul-2002"; VariantName = "[No Variations]"
Add component (AddParameter): Name = "LatestRevisionNote"; Value = "Re-released for DXP Platform."; VariantName = "[No Variations]"
Add component (AddParameter): Name = "PackageReference"; Value = "RAD-0.3"; VariantName = "[No Variations]"
Add component (AddParameter): Name = "Published"; Value = "8-Jun-2000"; VariantName = "[No Variations]"
Add component (AddParameter): Name = "Publisher"; Value = "Altium Limited"; VariantName = "[No Variations]"
Add component (AddParameter): Name = "Value"; Value = "0.1uF"; VariantName = "[No Variations]"
Added Component: Designator=C4(C-NP-0805)
Add component (AddParameter): Name = "LatestRevisionDate"; Value = "17-Jul-2002"; VariantName = "[No Variations]"
Add component (AddParameter): Name = "LatestRevisionNote"; Value = "Re-released for DXP Platform."; VariantName = "[No Variations]"
Add component (AddParameter): Name = "PackageReference"; Value = "RAD-0.3"; VariantName = "[No Variations]"
Add component (AddParameter): Name = "Published"; Value = "8-Jun-2000"; VariantName = "[No Variations]"
Add component (AddParameter): Name = "Publisher"; Value = "Altium Limited"; VariantName = "[No Variations]"
Add component (AddParameter): Name = "Value"; Value = "0.1uF"; VariantName = "[No Variations]"
Added Component: Designator=C5(C1608-0603)
Add component (AddParameter): Name = "AEMS Code"; Value = "2100341"; VariantName = "[No Variations]"
Add component (AddParameter): Name = "ComponentLink1Description"; Value = "Digikey Part Link"; VariantName = "[No Variations]"
Add component (AddParameter): Name = "ComponentLink1URL"; Value = ""; VariantName = "[No Variations]"
Add component (AddParameter): Name = "ComponentLink2Description"; Value = "Open Datasheet"; VariantName = "[No Variations]"
Add component (AddParameter): Name = "ComponentLink2URL"; Value = "H:\LIBRARY\LIBRARY.Datasheet\"; VariantName = "[No Variations]"
Add component (AddParameter): Name = "Manufacturer"; Value = ""; VariantName = "[No Variations]"
Add component (AddParameter): Name = "Manufacturer P/N"; Value = ""; VariantName = "[No Variations]"
Add component (AddParameter): Name = "Published"; Value = "13-April-2009"; VariantName = "[No Variations]"
Add component (AddParameter): Name = "Publisher"; Value = "Hoang Nguyen"; VariantName = "[No Variations]"
Add component (AddParameter): Name = "Value"; Value = "0.1uF"; VariantName = "[No Variations]"
Add component (AddParameter): Name = "Vendor"; Value = "Digikey"; VariantName = "[No Variations]"
Add component (AddParameter): Name = "Vendor P/N"; Value = ""; VariantName = "[No Variations]"
Add component (AddParameter): Name = "Volt"; Value = "16V"; VariantName = "[No Variations]"
Added Component: Designator=C6(C1608-0603)
Add component (AddParameter): Name = "AEMS Code"; Value = "2100341"; VariantName = "[No Variations]"
Add component (AddParameter): Name = "ComponentLink1Description"; Value = "Digikey Part Link"; VariantName = "[No Variations]"
Add component (AddParameter): Name = "ComponentLink1URL"; Value = ""; VariantName = "[No Variations]"
Add component (AddParameter): Name = "ComponentLink2Description"; Value = "Open Datasheet"; VariantName = "[No Variations]"
Add component (AddParameter): Name = "ComponentLink2URL"; Value = "H:\LIBRARY\LIBRARY.Datasheet\"; VariantName = "[No Variations]"
Add component (AddParameter): Name = "Manufacturer"; Value = ""; VariantName = "[No Variations]"
Add component (AddParameter): Name = "Manufacturer P/N"; Value = ""; VariantName = "[No Variations]"
Add component (AddParameter): Name = "Published"; Value = "13-April-2009"; VariantName = "[No Variations]"
Add component (AddParameter): Name = "Publisher"; Value = "Hoang Nguyen"; VariantName = "[No Variations]"
Add component (AddParameter): Name = "Value"; Value = "1nF"; VariantName = "[No Variations]"
Add component (AddParameter): Name = "Vendor"; Value = "Digikey"; VariantName = "[No Variations]"
Add component (AddParameter): Name = "Vendor P/N"; Value = ""; VariantName = "[No Variations]"
Add component (AddParameter): Name = "Volt"; Value = "16V"; VariantName = "[No Variations]"
Added Component: Designator=C7(C1608-0603)
Add component (AddParameter): Name = "AEMS Code"; Value = "2100341"; VariantName = "[No Variations]"
Add component (AddParameter): Name = "ComponentLink1Description"; Value = "Digikey Part Link"; VariantName = "[No Variations]"
Add component (AddParameter): Name = "ComponentLink1URL"; Value = ""; VariantName = "[No Variations]"
Add component (AddParameter): Name = "ComponentLink2Description"; Value = "Open Datasheet"; VariantName = "[No Variations]"
Add component (AddParameter): Name = "ComponentLink2URL"; Value = "H:\LIBRARY\LIBRARY.Datasheet\"; VariantName = "[No Variations]"
Add component (AddParameter): Name = "Manufacturer"; Value = ""; VariantName = "[No Variations]"
Add component (AddParameter): Name = "Manufacturer P/N"; Value = ""; VariantName = "[No Variations]"
Add component (AddParameter): Name = "Published"; Value = "13-April-2009"; VariantName = "[No Variations]"
Add component (AddParameter): Name = "Publisher"; Value = "Hoang Nguyen"; VariantName = "[No Variations]"
Add component (AddParameter): Name = "Value"; Value = "0.1uF"; VariantName = "[No Variations]"
Add component (AddParameter): Name = "Vendor"; Value = "Digikey"; VariantName = "[No Variations]"
Add component (AddParameter): Name = "Vendor P/N"; Value = ""; VariantName = "[No Variations]"
Add component (AddParameter): Name = "Volt"; Value = "16V"; VariantName = "[No Variations]"
Added Component: Designator=C8(C1608-0603)
Add component (AddParameter): Name = "AEMS Code"; Value = "2100341"; VariantName = "[No Variations]"
Add component (AddParameter): Name = "ComponentLink1Description"; Value = "Digikey Part Link"; VariantName = "[No Variations]"
Add component (AddParameter): Name = "ComponentLink1URL"; Value = ""; VariantName = "[No Variations]"
Add component (AddParameter): Name = "ComponentLink2Description"; Value = "Open Datasheet"; VariantName = "[No Variations]"
Add component (AddParameter): Name = "ComponentLink2URL"; Value = "H:\LIBRARY\LIBRARY.Datasheet\"; VariantName = "[No Variations]"
Add component (AddParameter): Name = "Manufacturer"; Value = ""; VariantName = "[No Variations]"
Add component (AddParameter): Name = "Manufacturer P/N"; Value = ""; VariantName = "[No Variations]"
Add component (AddParameter): Name = "Published"; Value = "13-April-2009"; VariantName = "[No Variations]"
Add component (AddParameter): Name = "Publisher"; Value = "Hoang Nguyen"; VariantName = "[No Variations]"
Add component (AddParameter): Name = "Value"; Value = "1nF"; VariantName = "[No Variations]"
Add component (AddParameter): Name = "Vendor"; Value = "Digikey"; VariantName = "[No Variations]"
Add component (AddParameter): Name = "Vendor P/N"; Value = ""; VariantName = "[No Variations]"
Add component (AddParameter): Name = "Volt"; Value = "16V"; VariantName = "[No Variations]"
Added Component: Designator=C9(C1608-0603)
Add component (AddParameter): Name = "AEMS Code"; Value = "2100341"; VariantName = "[No Variations]"
Add component (AddParameter): Name = "ComponentLink1Description"; Value = "Digikey Part Link"; VariantName = "[No Variations]"
Add component (AddParameter): Name = "ComponentLink1URL"; Value = ""; VariantName = "[No Variations]"
Add component (AddParameter): Name = "ComponentLink2Description"; Value = "Open Datasheet"; VariantName = "[No Variations]"
Add component (AddParameter): Name = "ComponentLink2URL"; Value = "H:\LIBRARY\LIBRARY.Datasheet\"; VariantName = "[No Variations]"
Add component (AddParameter): Name = "Manufacturer"; Value = ""; VariantName = "[No Variations]"
Add component (AddParameter): Name = "Manufacturer P/N"; Value = ""; VariantName = "[No Variations]"
Add component (AddParameter): Name = "Published"; Value = "13-April-2009"; VariantName = "[No Variations]"
Add component (AddParameter): Name = "Publisher"; Value = "Hoang Nguyen"; VariantName = "[No Variations]"
Add component (AddParameter): Name = "Value"; Value = "1uF"; VariantName = "[No Variations]"
Add component (AddParameter): Name = "Vendor"; Value = "Digikey"; VariantName = "[No Variations]"
Add component (AddParameter): Name = "Vendor P/N"; Value = ""; VariantName = "[No Variations]"
Add component (AddParameter): Name = "Volt"; Value = "16V"; VariantName = "[No Variations]"
Added Component: Designator=C10(RADIAL C)
Add component (AddParameter): Name = "LatestRevisionDate"; Value = "17-Jul-2002"; VariantName = "[No Variations]"
Add component (AddParameter): Name = "LatestRevisionNote"; Value = "Re-released for DXP Platform."; VariantName = "[No Variations]"
Add component (AddParameter): Name = "PackageReference"; Value = "POLAR0.8"; VariantName = "[No Variations]"
Add component (AddParameter): Name = "Published"; Value = "8-Jun-2000"; VariantName = "[No Variations]"
Add component (AddParameter): Name = "Publisher"; Value = "Altium Limited"; VariantName = "[No Variations]"
Add component (AddParameter): Name = "Value"; Value = "10uF"; VariantName = "[No Variations]"
Added Component: Designator=C11(RADIAL C)
Add component (AddParameter): Name = "LatestRevisionDate"; Value = "17-Jul-2002"; VariantName = "[No Variations]"
Add component (AddParameter): Name = "LatestRevisionNote"; Value = "Re-released for DXP Platform."; VariantName = "[No Variations]"
Add component (AddParameter): Name = "PackageReference"; Value = "POLAR0.8"; VariantName = "[No Variations]"
Add component (AddParameter): Name = "Published"; Value = "8-Jun-2000"; VariantName = "[No Variations]"
Add component (AddParameter): Name = "Publisher"; Value = "Altium Limited"; VariantName = "[No Variations]"
Add component (AddParameter): Name = "Value"; Value = "220uF"; VariantName = "[No Variations]"
Added Component: Designator=C12(RADIAL C)
Add component (AddParameter): Name = "LatestRevisionDate"; Value = "17-Jul-2002"; VariantName = "[No Variations]"
Add component (AddParameter): Name = "LatestRevisionNote"; Value = "Re-released for DXP Platform."; VariantName = "[No Variations]"
Add component (AddParameter): Name = "PackageReference"; Value = "POLAR0.8"; VariantName = "[No Variations]"
Add component (AddParameter): Name = "Published"; Value = "8-Jun-2000"; VariantName = "[No Variations]"
Add component (AddParameter): Name = "Publisher"; Value = "Altium Limited"; VariantName = "[No Variations]"
Add component (AddParameter): Name = "Value"; Value = "10uF"; VariantName = "[No Variations]"
Added Component: Designator=C13(RADIAL C)
Add component (AddParameter): Name = "LatestRevisionDate"; Value = "17-Jul-2002"; VariantName = "[No Variations]"
Add component (AddParameter): Name = "LatestRevisionNote"; Value = "Re-released for DXP Platform."; VariantName = "[No Variations]"
Add component (AddParameter): Name = "PackageReference"; Value = "POLAR0.8"; VariantName = "[No Variations]"
Add component (AddParameter): Name = "Published"; Value = "8-Jun-2000"; VariantName = "[No Variations]"
Add component (AddParameter): Name = "Publisher"; Value = "Altium Limited"; VariantName = "[No Variations]"
Add component (AddParameter): Name = "Value"; Value = "220uF"; VariantName = "[No Variations]"
Added Component: Designator=C14(C-NP-0805)
Add component (AddParameter): Name = "LatestRevisionDate"; Value = "17-Jul-2002"; VariantName = "[No Variations]"
Add component (AddParameter): Name = "LatestRevisionNote"; Value = "Re-released for DXP Platform."; VariantName = "[No Variations]"
Add component (AddParameter): Name = "PackageReference"; Value = "RAD-0.3"; VariantName = "[No Variations]"
Add component (AddParameter): Name = "Published"; Value = "8-Jun-2000"; VariantName = "[No Variations]"
Add component (AddParameter): Name = "Publisher"; Value = "Altium Limited"; VariantName = "[No Variations]"
Add component (AddParameter): Name = "Value"; Value = "100uF"; VariantName = "[No Variations]"
Added Component: Designator=C15(C-NP-0805)
Add component (AddParameter): Name = "LatestRevisionDate"; Value = "17-Jul-2002"; VariantName = "[No Variations]"
Add component (AddParameter): Name = "LatestRevisionNote"; Value = "Re-released for DXP Platform."; VariantName = "[No Variations]"
Add component (AddParameter): Name = "PackageReference"; Value = "RAD-0.3"; VariantName = "[No Variations]"
Add component (AddParameter): Name = "Published"; Value = "8-Jun-2000"; VariantName = "[No Variations]"
Add component (AddParameter): Name = "Publisher"; Value = "Altium Limited"; VariantName = "[No Variations]"
Add component (AddParameter): Name = "Value"; Value = "100uF"; VariantName = "[No Variations]"
Added Component: Designator=C16(RADIAL C)
Add component (AddParameter): Name = "LatestRevisionDate"; Value = "17-Jul-2002"; VariantName = "[No Variations]"
Add component (AddParameter): Name = "LatestRevisionNote"; Value = "Re-released for DXP Platform."; VariantName = "[No Variations]"
Add component (AddParameter): Name = "PackageReference"; Value = "POLAR0.8"; VariantName = "[No Variations]"
Add component (AddParameter): Name = "Published"; Value = "8-Jun-2000"; VariantName = "[No Variations]"
Add component (AddParameter): Name = "Publisher"; Value = "Altium Limited"; VariantName = "[No Variations]"
Add component (AddParameter): Name = "Value"; Value = "22uF"; VariantName = "[No Variations]"
Added Component: Designator=C17(RADIAL C)
Add component (AddParameter): Name = "LatestRevisionDate"; Value = "17-Jul-2002"; VariantName = "[No Variations]"
Add component (AddParameter): Name = "LatestRevisionNote"; Value = "Re-released for DXP Platform."; VariantName = "[No Variations]"
Add component (AddParameter): Name = "PackageReference"; Value = "POLAR0.8"; VariantName = "[No Variations]"
Add component (AddParameter): Name = "Published"; Value = "8-Jun-2000"; VariantName = "[No Variations]"
Add component (AddParameter): Name = "Publisher"; Value = "Altium Limited"; VariantName = "[No Variations]"
Add component (AddParameter): Name = "Value"; Value = "100uF"; VariantName = "[No Variations]"
Added Component: Designator=C18(RADIAL C)
Add component (AddParameter): Name = "LatestRevisionDate"; Value = "17-Jul-2002"; VariantName = "[No Variations]"
Add component (AddParameter): Name = "LatestRevisionNote"; Value = "Re-released for DXP Platform."; VariantName = "[No Variations]"
Add component (AddParameter): Name = "PackageReference"; Value = "POLAR0.8"; VariantName = "[No Variations]"
Add component (AddParameter): Name = "Published"; Value = "8-Jun-2000"; VariantName = "[No Variations]"
Add component (AddParameter): Name = "Publisher"; Value = "Altium Limited"; VariantName = "[No Variations]"
Add component (AddParameter): Name = "Value"; Value = "22uF"; VariantName = "[No Variations]"
Added Component: Designator=C19(RADIAL C)
Add component (AddParameter): Name = "LatestRevisionDate"; Value = "17-Jul-2002"; VariantName = "[No Variations]"
Add component (AddParameter): Name = "LatestRevisionNote"; Value = "Re-released for DXP Platform."; VariantName = "[No Variations]"
Add component (AddParameter): Name = "PackageReference"; Value = "POLAR0.8"; VariantName = "[No Variations]"
Add component (AddParameter): Name = "Published"; Value = "8-Jun-2000"; VariantName = "[No Variations]"
Add component (AddParameter): Name = "Publisher"; Value = "Altium Limited"; VariantName = "[No Variations]"
Add component (AddParameter): Name = "Value"; Value = "100uF"; VariantName = "[No Variations]"
Added Component: Designator=C20(C-NP-0805)
Add component (AddParameter): Name = "LatestRevisionDate"; Value = "17-Jul-2002"; VariantName = "[No Variations]"
Add component (AddParameter): Name = "LatestRevisionNote"; Value = "Re-released for DXP Platform."; VariantName = "[No Variations]"
Add component (AddParameter): Name = "PackageReference"; Value = "RAD-0.3"; VariantName = "[No Variations]"
Add component (AddParameter): Name = "Published"; Value = "8-Jun-2000"; VariantName = "[No Variations]"
Add component (AddParameter): Name = "Publisher"; Value = "Altium Limited"; VariantName = "[No Variations]"
Add component (AddParameter): Name = "Value"; Value = "1nF"; VariantName = "[No Variations]"
Added Component: Designator=C21(C-NP-0805)
Add component (AddParameter): Name = "LatestRevisionDate"; Value = "17-Jul-2002"; VariantName = "[No Variations]"
Add component (AddParameter): Name = "LatestRevisionNote"; Value = "Re-released for DXP Platform."; VariantName = "[No Variations]"
Add component (AddParameter): Name = "PackageReference"; Value = "RAD-0.3"; VariantName = "[No Variations]"
Add component (AddParameter): Name = "Published"; Value = "8-Jun-2000"; VariantName = "[No Variations]"
Add component (AddParameter): Name = "Publisher"; Value = "Altium Limited"; VariantName = "[No Variations]"
Add component (AddParameter): Name = "Value"; Value = "1nF"; VariantName = "[No Variations]"
Added Component: Designator=C22(C-NP-0805)
Add component (AddParameter): Name = "LatestRevisionDate"; Value = "17-Jul-2002"; VariantName = "[No Variations]"
Add component (AddParameter): Name = "LatestRevisionNote"; Value = "Re-released for DXP Platform."; VariantName = "[No Variations]"
Add component (AddParameter): Name = "PackageReference"; Value = "RAD-0.3"; VariantName = "[No Variations]"
Add component (AddParameter): Name = "Published"; Value = "8-Jun-2000"; VariantName = "[No Variations]"
Add component (AddParameter): Name = "Publisher"; Value = "Altium Limited"; VariantName = "[No Variations]"
Add component (AddParameter): Name = "Value"; Value = "0.1uF"; VariantName = "[No Variations]"
Added Component: Designator=C23(C-NP-0805)
Add component (AddParameter): Name = "LatestRevisionDate"; Value = "17-Jul-2002"; VariantName = "[No Variations]"
Add component (AddParameter): Name = "LatestRevisionNote"; Value = "Re-released for DXP Platform."; VariantName = "[No Variations]"
Add component (AddParameter): Name = "PackageReference"; Value = "RAD-0.3"; VariantName = "[No Variations]"
Add component (AddParameter): Name = "Published"; Value = "8-Jun-2000"; VariantName = "[No Variations]"
Add component (AddParameter): Name = "Publisher"; Value = "Altium Limited"; VariantName = "[No Variations]"
Add component (AddParameter): Name = "Value"; Value = "0.1uF"; VariantName = "[No Variations]"
Added Component: Designator=C24(RADIAL C)
Add component (AddParameter): Name = "LatestRevisionDate"; Value = "17-Jul-2002"; VariantName = "[No Variations]"
Add component (AddParameter): Name = "LatestRevisionNote"; Value = "Re-released for DXP Platform."; VariantName = "[No Variations]"
Add component (AddParameter): Name = "PackageReference"; Value = "POLAR0.8"; VariantName = "[No Variations]"
Add component (AddParameter): Name = "Published"; Value = "8-Jun-2000"; VariantName = "[No Variations]"
Add component (AddParameter): Name = "Publisher"; Value = "Altium Limited"; VariantName = "[No Variations]"
Add component (AddParameter): Name = "Value"; Value = "10uF"; VariantName = "[No Variations]"
Added Component: Designator=C25(RADIAL C)
Add component (AddParameter): Name = "LatestRevisionDate"; Value = "17-Jul-2002"; VariantName = "[No Variations]"
Add component (AddParameter): Name = "LatestRevisionNote"; Value = "Re-released for DXP Platform."; VariantName = "[No Variations]"
Add component (AddParameter): Name = "PackageReference"; Value = "POLAR0.8"; VariantName = "[No Variations]"
Add component (AddParameter): Name = "Published"; Value = "8-Jun-2000"; VariantName = "[No Variations]"
Add component (AddParameter): Name = "Publisher"; Value = "Altium Limited"; VariantName = "[No Variations]"
Add component (AddParameter): Name = "Value"; Value = "220uF"; VariantName = "[No Variations]"
Added Component: Designator=C26(RADIAL C)
Add component (AddParameter): Name = "LatestRevisionDate"; Value = "17-Jul-2002"; VariantName = "[No Variations]"
Add component (AddParameter): Name = "LatestRevisionNote"; Value = "Re-released for DXP Platform."; VariantName = "[No Variations]"
Add component (AddParameter): Name = "PackageReference"; Value = "POLAR0.8"; VariantName = "[No Variations]"
Add component (AddParameter): Name = "Published"; Value = "8-Jun-2000"; VariantName = "[No Variations]"
Add component (AddParameter): Name = "Publisher"; Value = "Altium Limited"; VariantName = "[No Variations]"
Add component (AddParameter): Name = "Value"; Value = "10uF"; VariantName = "[No Variations]"
Added Component: Designator=C27(RADIAL C)
Add component (AddParameter): Name = "LatestRevisionDate"; Value = "17-Jul-2002"; VariantName = "[No Variations]"
Add component (AddParameter): Name = "LatestRevisionNote"; Value = "Re-released for DXP Platform."; VariantName = "[No Variations]"
Add component (AddParameter): Name = "PackageReference"; Value = "POLAR0.8"; VariantName = "[No Variations]"
Add component (AddParameter): Name = "Published"; Value = "8-Jun-2000"; VariantName = "[No Variations]"
Add component (AddParameter): Name = "Publisher"; Value = "Altium Limited"; VariantName = "[No Variations]"
Add component (AddParameter): Name = "Value"; Value = "220uF"; VariantName = "[No Variations]"
Added Component: Designator=C28(C-NP-0805)
Add component (AddParameter): Name = "LatestRevisionDate"; Value = "17-Jul-2002"; VariantName = "[No Variations]"
Add component (AddParameter): Name = "LatestRevisionNote"; Value = "Re-released for DXP Platform."; VariantName = "[No Variations]"
Add component (AddParameter): Name = "PackageReference"; Value = "RAD-0.3"; VariantName = "[No Variations]"
Add component (AddParameter): Name = "Published"; Value = "8-Jun-2000"; VariantName = "[No Variations]"
Add component (AddParameter): Name = "Publisher"; Value = "Altium Limited"; VariantName = "[No Variations]"
Add component (AddParameter): Name = "Value"; Value = "100uF"; VariantName = "[No Variations]"
Added Component: Designator=C29(C-NP-0805)
Add component (AddParameter): Name = "LatestRevisionDate"; Value = "17-Jul-2002"; VariantName = "[No Variations]"
Add component (AddParameter): Name = "LatestRevisionNote"; Value = "Re-released for DXP Platform."; VariantName = "[No Variations]"
Add component (AddParameter): Name = "PackageReference"; Value = "RAD-0.3"; VariantName = "[No Variations]"
Add component (AddParameter): Name = "Published"; Value = "8-Jun-2000"; VariantName = "[No Variations]"
Add component (AddParameter): Name = "Publisher"; Value = "Altium Limited"; VariantName = "[No Variations]"
Add component (AddParameter): Name = "Value"; Value = "100uF"; VariantName = "[No Variations]"
Added Component: Designator=C30(RADIAL C)
Add component (AddParameter): Name = "LatestRevisionDate"; Value = "17-Jul-2002"; VariantName = "[No Variations]"
Add component (AddParameter): Name = "LatestRevisionNote"; Value = "Re-released for DXP Platform."; VariantName = "[No Variations]"
Add component (AddParameter): Name = "PackageReference"; Value = "POLAR0.8"; VariantName = "[No Variations]"
Add component (AddParameter): Name = "Published"; Value = "8-Jun-2000"; VariantName = "[No Variations]"
Add component (AddParameter): Name = "Publisher"; Value = "Altium Limited"; VariantName = "[No Variations]"
Add component (AddParameter): Name = "Value"; Value = "22uF"; VariantName = "[No Variations]"
Added Component: Designator=C31(RADIAL C)
Add component (AddParameter): Name = "LatestRevisionDate"; Value = "17-Jul-2002"; VariantName = "[No Variations]"
Add component (AddParameter): Name = "LatestRevisionNote"; Value = "Re-released for DXP Platform."; VariantName = "[No Variations]"
Add component (AddParameter): Name = "PackageReference"; Value = "POLAR0.8"; VariantName = "[No Variations]"
Add component (AddParameter): Name = "Published"; Value = "8-Jun-2000"; VariantName = "[No Variations]"
Add component (AddParameter): Name = "Publisher"; Value = "Altium Limited"; VariantName = "[No Variations]"
Add component (AddParameter): Name = "Value"; Value = "100uF"; VariantName = "[No Variations]"
Added Component: Designator=C32(RADIAL C)
Add component (AddParameter): Name = "LatestRevisionDate"; Value = "17-Jul-2002"; VariantName = "[No Variations]"
Add component (AddParameter): Name = "LatestRevisionNote"; Value = "Re-released for DXP Platform."; VariantName = "[No Variations]"
Add component (AddParameter): Name = "PackageReference"; Value = "POLAR0.8"; VariantName = "[No Variations]"
Add component (AddParameter): Name = "Published"; Value = "8-Jun-2000"; VariantName = "[No Variations]"
Add component (AddParameter): Name = "Publisher"; Value = "Altium Limited"; VariantName = "[No Variations]"
Add component (AddParameter): Name = "Value"; Value = "22uF"; VariantName = "[No Variations]"
Added Component: Designator=C33(RADIAL C)
Add component (AddParameter): Name = "LatestRevisionDate"; Value = "17-Jul-2002"; VariantName = "[No Variations]"
Add component (AddParameter): Name = "LatestRevisionNote"; Value = "Re-released for DXP Platform."; VariantName = "[No Variations]"
Add component (AddParameter): Name = "PackageReference"; Value = "POLAR0.8"; VariantName = "[No Variations]"
Add component (AddParameter): Name = "Published"; Value = "8-Jun-2000"; VariantName = "[No Variations]"
Add component (AddParameter): Name = "Publisher"; Value = "Altium Limited"; VariantName = "[No Variations]"
Add component (AddParameter): Name = "Value"; Value = "100uF"; VariantName = "[No Variations]"
Added Component: Designator=C34(C-NP-0805)
Add component (AddParameter): Name = "LatestRevisionDate"; Value = "17-Jul-2002"; VariantName = "[No Variations]"
Add component (AddParameter): Name = "LatestRevisionNote"; Value = "Re-released for DXP Platform."; VariantName = "[No Variations]"
Add component (AddParameter): Name = "PackageReference"; Value = "RAD-0.3"; VariantName = "[No Variations]"
Add component (AddParameter): Name = "Published"; Value = "8-Jun-2000"; VariantName = "[No Variations]"
Add component (AddParameter): Name = "Publisher"; Value = "Altium Limited"; VariantName = "[No Variations]"
Add component (AddParameter): Name = "Value"; Value = "1nF"; VariantName = "[No Variations]"
Added Component: Designator=C35(C-NP-0805)
Add component (AddParameter): Name = "LatestRevisionDate"; Value = "17-Jul-2002"; VariantName = "[No Variations]"
Add component (AddParameter): Name = "LatestRevisionNote"; Value = "Re-released for DXP Platform."; VariantName = "[No Variations]"
Add component (AddParameter): Name = "PackageReference"; Value = "RAD-0.3"; VariantName = "[No Variations]"
Add component (AddParameter): Name = "Published"; Value = "8-Jun-2000"; VariantName = "[No Variations]"
Add component (AddParameter): Name = "Publisher"; Value = "Altium Limited"; VariantName = "[No Variations]"
Add component (AddParameter): Name = "Value"; Value = "1nF"; VariantName = "[No Variations]"
Added Component: Designator=C36(C-NP-0805)
Add component (AddParameter): Name = "LatestRevisionDate"; Value = "17-Jul-2002"; VariantName = "[No Variations]"
Add component (AddParameter): Name = "LatestRevisionNote"; Value = "Re-released for DXP Platform."; VariantName = "[No Variations]"
Add component (AddParameter): Name = "PackageReference"; Value = "RAD-0.3"; VariantName = "[No Variations]"
Add component (AddParameter): Name = "Published"; Value = "8-Jun-2000"; VariantName = "[No Variations]"
Add component (AddParameter): Name = "Publisher"; Value = "Altium Limited"; VariantName = "[No Variations]"
Add component (AddParameter): Name = "Value"; Value = "0.1uF"; VariantName = "[No Variations]"
Added Component: Designator=C37(C-NP-0805)
Add component (AddParameter): Name = "LatestRevisionDate"; Value = "17-Jul-2002"; VariantName = "[No Variations]"
Add component (AddParameter): Name = "LatestRevisionNote"; Value = "Re-released for DXP Platform."; VariantName = "[No Variations]"
Add component (AddParameter): Name = "PackageReference"; Value = "RAD-0.3"; VariantName = "[No Variations]"
Add component (AddParameter): Name = "Published"; Value = "8-Jun-2000"; VariantName = "[No Variations]"
Add component (AddParameter): Name = "Publisher"; Value = "Altium Limited"; VariantName = "[No Variations]"
Add component (AddParameter): Name = "Value"; Value = "0.1uF"; VariantName = "[No Variations]"
Added Component: Designator=C38(C-NP-0805)
Add component (AddParameter): Name = "LatestRevisionDate"; Value = "17-Jul-2002"; VariantName = "[No Variations]"
Add component (AddParameter): Name = "LatestRevisionNote"; Value = "Re-released for DXP Platform."; VariantName = "[No Variations]"
Add component (AddParameter): Name = "PackageReference"; Value = "RAD-0.3"; VariantName = "[No Variations]"
Add component (AddParameter): Name = "Published"; Value = "8-Jun-2000"; VariantName = "[No Variations]"
Add component (AddParameter): Name = "Publisher"; Value = "Altium Limited"; VariantName = "[No Variations]"
Add component (AddParameter): Name = "Value"; Value = "105"; VariantName = "[No Variations]"
Added Component: Designator=C39(C-NP-0805)
Add component (AddParameter): Name = "LatestRevisionDate"; Value = "17-Jul-2002"; VariantName = "[No Variations]"
Add component (AddParameter): Name = "LatestRevisionNote"; Value = "Re-released for DXP Platform."; VariantName = "[No Variations]"
Add component (AddParameter): Name = "PackageReference"; Value = "RAD-0.3"; VariantName = "[No Variations]"
Add component (AddParameter): Name = "Published"; Value = "8-Jun-2000"; VariantName = "[No Variations]"
Add component (AddParameter): Name = "Publisher"; Value = "Altium Limited"; VariantName = "[No Variations]"
Add component (AddParameter): Name = "Value"; Value = "105"; VariantName = "[No Variations]"
Added Component: Designator=C40(C-NP-0805)
Add component (AddParameter): Name = "LatestRevisionDate"; Value = "17-Jul-2002"; VariantName = "[No Variations]"
Add component (AddParameter): Name = "LatestRevisionNote"; Value = "Re-released for DXP Platform."; VariantName = "[No Variations]"
Add component (AddParameter): Name = "PackageReference"; Value = "RAD-0.3"; VariantName = "[No Variations]"
Add component (AddParameter): Name = "Published"; Value = "8-Jun-2000"; VariantName = "[No Variations]"
Add component (AddParameter): Name = "Publisher"; Value = "Altium Limited"; VariantName = "[No Variations]"
Add component (AddParameter): Name = "Value"; Value = "104"; VariantName = "[No Variations]"
Added Component: Designator=C41(C-NP-0805)
Add component (AddParameter): Name = "LatestRevisionDate"; Value = "17-Jul-2002"; VariantName = "[No Variations]"
Add component (AddParameter): Name = "LatestRevisionNote"; Value = "Re-released for DXP Platform."; VariantName = "[No Variations]"
Add component (AddParameter): Name = "PackageReference"; Value = "RAD-0.3"; VariantName = "[No Variations]"
Add component (AddParameter): Name = "Published"; Value = "8-Jun-2000"; VariantName = "[No Variations]"
Add component (AddParameter): Name = "Publisher"; Value = "Altium Limited"; VariantName = "[No Variations]"
Add component (AddParameter): Name = "Value"; Value = "104"; VariantName = "[No Variations]"
Added Component: Designator=C42(C-NP-0805)
Add component (AddParameter): Name = "LatestRevisionDate"; Value = "17-Jul-2002"; VariantName = "[No Variations]"
Add component (AddParameter): Name = "LatestRevisionNote"; Value = "Re-released for DXP Platform."; VariantName = "[No Variations]"
Add component (AddParameter): Name = "PackageReference"; Value = "RAD-0.3"; VariantName = "[No Variations]"
Add component (AddParameter): Name = "Published"; Value = "8-Jun-2000"; VariantName = "[No Variations]"
Add component (AddParameter): Name = "Publisher"; Value = "Altium Limited"; VariantName = "[No Variations]"
Add component (AddParameter): Name = "Value"; Value = "105"; VariantName = "[No Variations]"
Added Component: Designator=C43(C-NP-0805)
Add component (AddParameter): Name = "LatestRevisionDate"; Value = "17-Jul-2002"; VariantName = "[No Variations]"
Add component (AddParameter): Name = "LatestRevisionNote"; Value = "Re-released for DXP Platform."; VariantName = "[No Variations]"
Add component (AddParameter): Name = "PackageReference"; Value = "RAD-0.3"; VariantName = "[No Variations]"
Add component (AddParameter): Name = "Published"; Value = "8-Jun-2000"; VariantName = "[No Variations]"
Add component (AddParameter): Name = "Publisher"; Value = "Altium Limited"; VariantName = "[No Variations]"
Add component (AddParameter): Name = "Value"; Value = "105"; VariantName = "[No Variations]"
Added Component: Designator=C44(C-NP-0805)
Add component (AddParameter): Name = "LatestRevisionDate"; Value = "17-Jul-2002"; VariantName = "[No Variations]"
Add component (AddParameter): Name = "LatestRevisionNote"; Value = "Re-released for DXP Platform."; VariantName = "[No Variations]"
Add component (AddParameter): Name = "PackageReference"; Value = "RAD-0.3"; VariantName = "[No Variations]"
Add component (AddParameter): Name = "Published"; Value = "8-Jun-2000"; VariantName = "[No Variations]"
Add component (AddParameter): Name = "Publisher"; Value = "Altium Limited"; VariantName = "[No Variations]"
Add component (AddParameter): Name = "Value"; Value = "105"; VariantName = "[No Variations]"
Added Component: Designator=C45(C-NP-0805)
Add component (AddParameter): Name = "LatestRevisionDate"; Value = "17-Jul-2002"; VariantName = "[No Variations]"
Add component (AddParameter): Name = "LatestRevisionNote"; Value = "Re-released for DXP Platform."; VariantName = "[No Variations]"
Add component (AddParameter): Name = "PackageReference"; Value = "RAD-0.3"; VariantName = "[No Variations]"
Add component (AddParameter): Name = "Published"; Value = "8-Jun-2000"; VariantName = "[No Variations]"
Add component (AddParameter): Name = "Publisher"; Value = "Altium Limited"; VariantName = "[No Variations]"
Add component (AddParameter): Name = "Value"; Value = "105"; VariantName = "[No Variations]"
Added Component: Designator=D1(DIOM5336X265N)
Add component (AddParameter): Name = "Availability"; Value = "In Stock"; VariantName = "[No Variations]"
Add component (AddParameter): Name = "Check_prices"; Value = "https://www.snapeda.com/parts/SS24/Onsemi/view-part/?ref=eda"; VariantName = "[No Variations]"
Add component (AddParameter): Name = "MF"; Value = "ON Semiconductor"; VariantName = "[No Variations]"
Add component (AddParameter): Name = "MP"; Value = "SS24"; VariantName = "[No Variations]"
Add component (AddParameter): Name = "Package"; Value = "DO-214AA ON Semiconductor"; VariantName = "[No Variations]"
Add component (AddParameter): Name = "Price"; Value = "None"; VariantName = "[No Variations]"
Add component (AddParameter): Name = "SnapEDA_Link"; Value = "https://www.snapeda.com/parts/SS24/Onsemi/view-part/?ref=snap"; VariantName = "[No Variations]"
Add component (AddParameter): Name = "Value"; Value = ""; VariantName = "[No Variations]"
Added Component: Designator=D2(D8x7,5)
Add component (AddParameter): Name = "Datasheet"; Value = "https://diotec.com/de/produktliste/SBD.html"; VariantName = "[No Variations]"
Add component (AddParameter): Name = "ki_description"; Value = "Schottky Diode"; VariantName = "[No Variations]"
Add component (AddParameter): Name = "ki_keywords"; Value = "Schottky"; VariantName = "[No Variations]"
Add component (AddParameter): Name = "Supplier"; Value = ""; VariantName = "[No Variations]"
Added Component: Designator=D3(D8x7,5)
Add component (AddParameter): Name = "Datasheet"; Value = "https://diotec.com/de/produktliste/SBD.html"; VariantName = "[No Variations]"
Add component (AddParameter): Name = "ki_description"; Value = "Schottky Diode"; VariantName = "[No Variations]"
Add component (AddParameter): Name = "ki_keywords"; Value = "Schottky"; VariantName = "[No Variations]"
Add component (AddParameter): Name = "Supplier"; Value = ""; VariantName = "[No Variations]"
Added Component: Designator=D4(D8x7,5)
Add component (AddParameter): Name = "Datasheet"; Value = "https://diotec.com/de/produktliste/SBD.html"; VariantName = "[No Variations]"
Add component (AddParameter): Name = "ki_description"; Value = "Schottky Diode"; VariantName = "[No Variations]"
Add component (AddParameter): Name = "ki_keywords"; Value = "Schottky"; VariantName = "[No Variations]"
Add component (AddParameter): Name = "Supplier"; Value = ""; VariantName = "[No Variations]"
Added Component: Designator=F1(FUSE 24.5x9.5)
Add component (AddParameter): Name = "ComponentLink1Description"; Value = "Digikey Part Link"; VariantName = "[No Variations]"
Add component (AddParameter): Name = "ComponentLink1URL"; Value = ""; VariantName = "[No Variations]"
Add component (AddParameter): Name = "ComponentLink2Description"; Value = "Open Datasheet"; VariantName = "[No Variations]"
Add component (AddParameter): Name = "ComponentLink2URL"; Value = "H:\LIBRARY\LIBRARY.Datasheet\"; VariantName = "[No Variations]"
Add component (AddParameter): Name = "Manufacturer"; Value = ""; VariantName = "[No Variations]"
Add component (AddParameter): Name = "Manufacturer P/N"; Value = ""; VariantName = "[No Variations]"
Add component (AddParameter): Name = "Published"; Value = "13-April-2009"; VariantName = "[No Variations]"
Add component (AddParameter): Name = "Publisher"; Value = "Hoang Nguyen"; VariantName = "[No Variations]"
Add component (AddParameter): Name = "Value"; Value = ""; VariantName = "[No Variations]"
Add component (AddParameter): Name = "Vendor"; Value = "Digikey"; VariantName = "[No Variations]"
Add component (AddParameter): Name = "Vendor P/N"; Value = ""; VariantName = "[No Variations]"
Added Component: Designator=F2(FUSE 24.5x9.5)
Add component (AddParameter): Name = "ComponentLink1Description"; Value = "Digikey Part Link"; VariantName = "[No Variations]"
Add component (AddParameter): Name = "ComponentLink1URL"; Value = ""; VariantName = "[No Variations]"
Add component (AddParameter): Name = "ComponentLink2Description"; Value = "Open Datasheet"; VariantName = "[No Variations]"
Add component (AddParameter): Name = "ComponentLink2URL"; Value = "H:\LIBRARY\LIBRARY.Datasheet\"; VariantName = "[No Variations]"
Add component (AddParameter): Name = "Manufacturer"; Value = ""; VariantName = "[No Variations]"
Add component (AddParameter): Name = "Manufacturer P/N"; Value = ""; VariantName = "[No Variations]"
Add component (AddParameter): Name = "Published"; Value = "13-April-2009"; VariantName = "[No Variations]"
Add component (AddParameter): Name = "Publisher"; Value = "Hoang Nguyen"; VariantName = "[No Variations]"
Add component (AddParameter): Name = "Value"; Value = ""; VariantName = "[No Variations]"
Add component (AddParameter): Name = "Vendor"; Value = "Digikey"; VariantName = "[No Variations]"
Add component (AddParameter): Name = "Vendor P/N"; Value = ""; VariantName = "[No Variations]"
Added Component: Designator=J1(SO08)
Add component (AddParameter): Name = "Check_prices"; Value = "https://www.snapeda.com/parts/ACS712/Allegro+MicroSystems+LLC/view-part/?ref=eda"; VariantName = "[No Variations]"
Add component (AddParameter): Name = "MF"; Value = "Allegro MicroSystems"; VariantName = "[No Variations]"
Add component (AddParameter): Name = "MP"; Value = "ACS712"; VariantName = "[No Variations]"
Add component (AddParameter): Name = "Package"; Value = "PowerWFQFN-12 Allegro MicroSystems LLC"; VariantName = "[No Variations]"
Add component (AddParameter): Name = "SnapEDA_Link"; Value = "https://www.snapeda.com/parts/ACS712/Allegro+MicroSystems+LLC/view-part/?ref=snap"; VariantName = "[No Variations]"
Add component (AddParameter): Name = "Value"; Value = ""; VariantName = "[No Variations]"
Added Component: Designator=J2(SO08)
Add component (AddParameter): Name = "Check_prices"; Value = "https://www.snapeda.com/parts/ACS712/Allegro+MicroSystems+LLC/view-part/?ref=eda"; VariantName = "[No Variations]"
Add component (AddParameter): Name = "MF"; Value = "Allegro MicroSystems"; VariantName = "[No Variations]"
Add component (AddParameter): Name = "MP"; Value = "ACS712"; VariantName = "[No Variations]"
Add component (AddParameter): Name = "Package"; Value = "PowerWFQFN-12 Allegro MicroSystems LLC"; VariantName = "[No Variations]"
Add component (AddParameter): Name = "SnapEDA_Link"; Value = "https://www.snapeda.com/parts/ACS712/Allegro+MicroSystems+LLC/view-part/?ref=snap"; VariantName = "[No Variations]"
Add component (AddParameter): Name = "Value"; Value = ""; VariantName = "[No Variations]"
Added Component: Designator=J3(ESOP-8_W_PAD)
Add component (AddParameter): Name = "Check_prices"; Value = "https://www.snapeda.com/parts/IP6505/Injoinic/view-part/?ref=eda"; VariantName = "[No Variations]"
Add component (AddParameter): Name = "MF"; Value = "Injoinic"; VariantName = "[No Variations]"
Add component (AddParameter): Name = "MP"; Value = "IP6505"; VariantName = "[No Variations]"
Add component (AddParameter): Name = "Package"; Value = "None"; VariantName = "[No Variations]"
Add component (AddParameter): Name = "SnapEDA_Link"; Value = "https://www.snapeda.com/parts/IP6505/Injoinic/view-part/?ref=snap"; VariantName = "[No Variations]"
Add component (AddParameter): Name = "Value"; Value = ""; VariantName = "[No Variations]"
Added Component: Designator=J4(ESOP-8_W_PAD)
Add component (AddParameter): Name = "Check_prices"; Value = "https://www.snapeda.com/parts/IP6505/Injoinic/view-part/?ref=eda"; VariantName = "[No Variations]"
Add component (AddParameter): Name = "MF"; Value = "Injoinic"; VariantName = "[No Variations]"
Add component (AddParameter): Name = "MP"; Value = "IP6505"; VariantName = "[No Variations]"
Add component (AddParameter): Name = "Package"; Value = "None"; VariantName = "[No Variations]"
Add component (AddParameter): Name = "SnapEDA_Link"; Value = "https://www.snapeda.com/parts/IP6505/Injoinic/view-part/?ref=snap"; VariantName = "[No Variations]"
Add component (AddParameter): Name = "Value"; Value = ""; VariantName = "[No Variations]"
Added Component: Designator=J5(ESOP-8_W_PAD)
Add component (AddParameter): Name = "Check_prices"; Value = "https://www.snapeda.com/parts/IP6505/Injoinic/view-part/?ref=eda"; VariantName = "[No Variations]"
Add component (AddParameter): Name = "MF"; Value = "Injoinic"; VariantName = "[No Variations]"
Add component (AddParameter): Name = "MP"; Value = "IP6505"; VariantName = "[No Variations]"
Add component (AddParameter): Name = "Package"; Value = "None"; VariantName = "[No Variations]"
Add component (AddParameter): Name = "SnapEDA_Link"; Value = "https://www.snapeda.com/parts/IP6505/Injoinic/view-part/?ref=snap"; VariantName = "[No Variations]"
Add component (AddParameter): Name = "Value"; Value = ""; VariantName = "[No Variations]"
Added Component: Designator=J6(ESOP-8_W_PAD)
Add component (AddParameter): Name = "Check_prices"; Value = "https://www.snapeda.com/parts/IP6505/Injoinic/view-part/?ref=eda"; VariantName = "[No Variations]"
Add component (AddParameter): Name = "MF"; Value = "Injoinic"; VariantName = "[No Variations]"
Add component (AddParameter): Name = "MP"; Value = "IP6505"; VariantName = "[No Variations]"
Add component (AddParameter): Name = "Package"; Value = "None"; VariantName = "[No Variations]"
Add component (AddParameter): Name = "SnapEDA_Link"; Value = "https://www.snapeda.com/parts/IP6505/Injoinic/view-part/?ref=snap"; VariantName = "[No Variations]"
Add component (AddParameter): Name = "Value"; Value = ""; VariantName = "[No Variations]"
Added Component: Designator=JP1(CON4)
Add component (AddParameter): Name = "Value"; Value = "Connector 4"; VariantName = "[No Variations]"
Added Component: Designator=JP2(CON2)
Add component (AddParameter): Name = "Value"; Value = "Connector 2"; VariantName = "[No Variations]"
Added Component: Designator=JP3(CON4)
Add component (AddParameter): Name = "Value"; Value = "Connector 4"; VariantName = "[No Variations]"
Added Component: Designator=JP4(CON4)
Add component (AddParameter): Name = "Value"; Value = "Connector 4"; VariantName = "[No Variations]"
Added Component: Designator=JP5(CON4)
Add component (AddParameter): Name = "Value"; Value = "Connector 4"; VariantName = "[No Variations]"
Added Component: Designator=JP6(CON4)
Add component (AddParameter): Name = "Value"; Value = "Connector 4"; VariantName = "[No Variations]"
Added Component: Designator=JP7(CON4)
Add component (AddParameter): Name = "Value"; Value = "Connector 4"; VariantName = "[No Variations]"
Added Component: Designator=JP?(CON4)
Add component (AddParameter): Name = "Value"; Value = "Connector 4"; VariantName = "[No Variations]"
Added Component: Designator=L1(INDUCTOR 12.5x12.5)
Add component (AddParameter): Name = "Value"; Value = "10mH"; VariantName = "[No Variations]"
Added Component: Designator=L2(INDUCTOR 12.5x12.5)
Add component (AddParameter): Name = "Value"; Value = "10mH"; VariantName = "[No Variations]"
Added Component: Designator=L3(INDUCTOR 12.5x12.5)
Add component (AddParameter): Name = "Value"; Value = "10mH"; VariantName = "[No Variations]"
Added Component: Designator=L4(INDUCTOR 12.5x12.5)
Add component (AddParameter): Name = "Value"; Value = "10mH"; VariantName = "[No Variations]"
Added Component: Designator=L5(INDUCTOR 12.5x12.5)
Add component (AddParameter): Name = "Value"; Value = "10mH"; VariantName = "[No Variations]"
Added Component: Designator=LS1(Buzzer)
Add component (AddParameter): Name = "ComponentLink1Description"; Value = "Manufacturer Link"; VariantName = "[No Variations]"
Add component (AddParameter): Name = "ComponentLink1URL"; Value = "http://www.megastar.com/linecard/buzzmode/index.php"; VariantName = "[No Variations]"
Add component (AddParameter): Name = "DatasheetDocument"; Value = "17-Dec-2003"; VariantName = "[No Variations]"
Add component (AddParameter): Name = "LatestRevisionDate"; Value = "17-Dec-2003"; VariantName = "[No Variations]"
Add component (AddParameter): Name = "LatestRevisionNote"; Value = "Schematic revised, PCB Footprint replaced."; VariantName = "[No Variations]"
Add component (AddParameter): Name = "PackageReference"; Value = "ABSM-1574"; VariantName = "[No Variations]"
Add component (AddParameter): Name = "Published"; Value = "24-Mar-1999"; VariantName = "[No Variations]"
Add component (AddParameter): Name = "Publisher"; Value = "Altium Limited"; VariantName = "[No Variations]"
Added Component: Designator=Matrix keypad(CON8)
Add component (AddParameter): Name = "Value"; Value = "Connector 8"; VariantName = "[No Variations]"
Added Component: Designator=P1(TBlock 2)
Add component (AddParameter): Name = "LatestRevisionDate"; Value = "17-Jul-2002"; VariantName = "[No Variations]"
Add component (AddParameter): Name = "LatestRevisionNote"; Value = "Re-released for DXP Platform."; VariantName = "[No Variations]"
Add component (AddParameter): Name = "Publisher"; Value = "Altium Limited"; VariantName = "[No Variations]"
Added Component: Designator=P2(TBlock 2)
Add component (AddParameter): Name = "LatestRevisionDate"; Value = "17-Jul-2002"; VariantName = "[No Variations]"
Add component (AddParameter): Name = "LatestRevisionNote"; Value = "Re-released for DXP Platform."; VariantName = "[No Variations]"
Add component (AddParameter): Name = "Publisher"; Value = "Altium Limited"; VariantName = "[No Variations]"
Added Component: Designator=P3(PTBlock 2)
Add component (AddParameter): Name = "LatestRevisionDate"; Value = "17-Jul-2002"; VariantName = "[No Variations]"
Add component (AddParameter): Name = "LatestRevisionNote"; Value = "Re-released for DXP Platform."; VariantName = "[No Variations]"
Add component (AddParameter): Name = "Publisher"; Value = "Altium Limited"; VariantName = "[No Variations]"
Added Component: Designator=P4(TBlock 2)
Add component (AddParameter): Name = "LatestRevisionDate"; Value = "17-Jul-2002"; VariantName = "[No Variations]"
Add component (AddParameter): Name = "LatestRevisionNote"; Value = "Re-released for DXP Platform."; VariantName = "[No Variations]"
Add component (AddParameter): Name = "Publisher"; Value = "Altium Limited"; VariantName = "[No Variations]"
Added Component: Designator=Q1(SOT23 [C1815])
Add component (AddParameter): Name = "COMPONENT"; Value = "2SC1815"; VariantName = "[No Variations]"
Add component (AddParameter): Name = "ComponentLink1Description"; Value = "Digikey Part Link"; VariantName = "[No Variations]"
Add component (AddParameter): Name = "ComponentLink1URL"; Value = ""; VariantName = "[No Variations]"
Add component (AddParameter): Name = "ComponentLink2Description"; Value = "Open Datasheet"; VariantName = "[No Variations]"
Add component (AddParameter): Name = "ComponentLink2URL"; Value = "H:\LIBRARY\LIBRARY.Datasheet\"; VariantName = "[No Variations]"
Add component (AddParameter): Name = "Manufacturer"; Value = ""; VariantName = "[No Variations]"
Add component (AddParameter): Name = "Manufacturer P/N"; Value = ""; VariantName = "[No Variations]"
Add component (AddParameter): Name = "Price"; Value = "500VND"; VariantName = "[No Variations]"
Add component (AddParameter): Name = "PSpiceTemplate"; Value = "Q^@REFDES %c %b %e @MODEL"; VariantName = "[No Variations]"
Add component (AddParameter): Name = "Published"; Value = "13-April-2009"; VariantName = "[No Variations]"
Add component (AddParameter): Name = "Publisher"; Value = "Hoang Nguyen"; VariantName = "[No Variations]"
Add component (AddParameter): Name = "Vendor"; Value = "Digikey"; VariantName = "[No Variations]"
Add component (AddParameter): Name = "Vendor P/N"; Value = ""; VariantName = "[No Variations]"
Added Component: Designator=Q2(SOT23 [C1815])
Add component (AddParameter): Name = "COMPONENT"; Value = "2SC1815"; VariantName = "[No Variations]"
Add component (AddParameter): Name = "ComponentLink1Description"; Value = "Digikey Part Link"; VariantName = "[No Variations]"
Add component (AddParameter): Name = "ComponentLink1URL"; Value = ""; VariantName = "[No Variations]"
Add component (AddParameter): Name = "ComponentLink2Description"; Value = "Open Datasheet"; VariantName = "[No Variations]"
Add component (AddParameter): Name = "ComponentLink2URL"; Value = "H:\LIBRARY\LIBRARY.Datasheet\"; VariantName = "[No Variations]"
Add component (AddParameter): Name = "Manufacturer"; Value = ""; VariantName = "[No Variations]"
Add component (AddParameter): Name = "Manufacturer P/N"; Value = ""; VariantName = "[No Variations]"
Add component (AddParameter): Name = "Price"; Value = "500VND"; VariantName = "[No Variations]"
Add component (AddParameter): Name = "PSpiceTemplate"; Value = "Q^@REFDES %c %b %e @MODEL"; VariantName = "[No Variations]"
Add component (AddParameter): Name = "Published"; Value = "13-April-2009"; VariantName = "[No Variations]"
Add component (AddParameter): Name = "Publisher"; Value = "Hoang Nguyen"; VariantName = "[No Variations]"
Add component (AddParameter): Name = "Vendor"; Value = "Digikey"; VariantName = "[No Variations]"
Add component (AddParameter): Name = "Vendor P/N"; Value = ""; VariantName = "[No Variations]"
Added Component: Designator=Q3(SOT23 [C1815])
Add component (AddParameter): Name = "COMPONENT"; Value = "2SC1815"; VariantName = "[No Variations]"
Add component (AddParameter): Name = "ComponentLink1Description"; Value = "Digikey Part Link"; VariantName = "[No Variations]"
Add component (AddParameter): Name = "ComponentLink1URL"; Value = ""; VariantName = "[No Variations]"
Add component (AddParameter): Name = "ComponentLink2Description"; Value = "Open Datasheet"; VariantName = "[No Variations]"
Add component (AddParameter): Name = "ComponentLink2URL"; Value = "H:\LIBRARY\LIBRARY.Datasheet\"; VariantName = "[No Variations]"
Add component (AddParameter): Name = "Manufacturer"; Value = ""; VariantName = "[No Variations]"
Add component (AddParameter): Name = "Manufacturer P/N"; Value = ""; VariantName = "[No Variations]"
Add component (AddParameter): Name = "Price"; Value = "500VND"; VariantName = "[No Variations]"
Add component (AddParameter): Name = "PSpiceTemplate"; Value = "Q^@REFDES %c %b %e @MODEL"; VariantName = "[No Variations]"
Add component (AddParameter): Name = "Published"; Value = "13-April-2009"; VariantName = "[No Variations]"
Add component (AddParameter): Name = "Publisher"; Value = "Hoang Nguyen"; VariantName = "[No Variations]"
Add component (AddParameter): Name = "Vendor"; Value = "Digikey"; VariantName = "[No Variations]"
Add component (AddParameter): Name = "Vendor P/N"; Value = ""; VariantName = "[No Variations]"
Added Component: Designator=Q4(SOT23 [C1815])
Add component (AddParameter): Name = "COMPONENT"; Value = "2SC1815"; VariantName = "[No Variations]"
Add component (AddParameter): Name = "ComponentLink1Description"; Value = "Digikey Part Link"; VariantName = "[No Variations]"
Add component (AddParameter): Name = "ComponentLink1URL"; Value = ""; VariantName = "[No Variations]"
Add component (AddParameter): Name = "ComponentLink2Description"; Value = "Open Datasheet"; VariantName = "[No Variations]"
Add component (AddParameter): Name = "ComponentLink2URL"; Value = "H:\LIBRARY\LIBRARY.Datasheet\"; VariantName = "[No Variations]"
Add component (AddParameter): Name = "Manufacturer"; Value = ""; VariantName = "[No Variations]"
Add component (AddParameter): Name = "Manufacturer P/N"; Value = ""; VariantName = "[No Variations]"
Add component (AddParameter): Name = "Price"; Value = "500VND"; VariantName = "[No Variations]"
Add component (AddParameter): Name = "PSpiceTemplate"; Value = "Q^@REFDES %c %b %e @MODEL"; VariantName = "[No Variations]"
Add component (AddParameter): Name = "Published"; Value = "13-April-2009"; VariantName = "[No Variations]"
Add component (AddParameter): Name = "Publisher"; Value = "Hoang Nguyen"; VariantName = "[No Variations]"
Add component (AddParameter): Name = "Vendor"; Value = "Digikey"; VariantName = "[No Variations]"
Add component (AddParameter): Name = "Vendor P/N"; Value = ""; VariantName = "[No Variations]"
Added Component: Designator=Q5(SOT23 [C1815])
Add component (AddParameter): Name = "COMPONENT"; Value = "2SC1815"; VariantName = "[No Variations]"
Add component (AddParameter): Name = "ComponentLink1Description"; Value = "Digikey Part Link"; VariantName = "[No Variations]"
Add component (AddParameter): Name = "ComponentLink1URL"; Value = ""; VariantName = "[No Variations]"
Add component (AddParameter): Name = "ComponentLink2Description"; Value = "Open Datasheet"; VariantName = "[No Variations]"
Add component (AddParameter): Name = "ComponentLink2URL"; Value = "H:\LIBRARY\LIBRARY.Datasheet\"; VariantName = "[No Variations]"
Add component (AddParameter): Name = "Manufacturer"; Value = ""; VariantName = "[No Variations]"
Add component (AddParameter): Name = "Manufacturer P/N"; Value = ""; VariantName = "[No Variations]"
Add component (AddParameter): Name = "Price"; Value = "500VND"; VariantName = "[No Variations]"
Add component (AddParameter): Name = "PSpiceTemplate"; Value = "Q^@REFDES %c %b %e @MODEL"; VariantName = "[No Variations]"
Add component (AddParameter): Name = "Published"; Value = "13-April-2009"; VariantName = "[No Variations]"
Add component (AddParameter): Name = "Publisher"; Value = "Hoang Nguyen"; VariantName = "[No Variations]"
Add component (AddParameter): Name = "Vendor"; Value = "Digikey"; VariantName = "[No Variations]"
Add component (AddParameter): Name = "Vendor P/N"; Value = ""; VariantName = "[No Variations]"
Added Component: Designator=Q6(SOT23 [C1815])
Add component (AddParameter): Name = "COMPONENT"; Value = "2SC1815"; VariantName = "[No Variations]"
Add component (AddParameter): Name = "ComponentLink1Description"; Value = "Digikey Part Link"; VariantName = "[No Variations]"
Add component (AddParameter): Name = "ComponentLink1URL"; Value = ""; VariantName = "[No Variations]"
Add component (AddParameter): Name = "ComponentLink2Description"; Value = "Open Datasheet"; VariantName = "[No Variations]"
Add component (AddParameter): Name = "ComponentLink2URL"; Value = "H:\LIBRARY\LIBRARY.Datasheet\"; VariantName = "[No Variations]"
Add component (AddParameter): Name = "Manufacturer"; Value = ""; VariantName = "[No Variations]"
Add component (AddParameter): Name = "Manufacturer P/N"; Value = ""; VariantName = "[No Variations]"
Add component (AddParameter): Name = "Price"; Value = "500VND"; VariantName = "[No Variations]"
Add component (AddParameter): Name = "PSpiceTemplate"; Value = "Q^@REFDES %c %b %e @MODEL"; VariantName = "[No Variations]"
Add component (AddParameter): Name = "Published"; Value = "13-April-2009"; VariantName = "[No Variations]"
Add component (AddParameter): Name = "Publisher"; Value = "Hoang Nguyen"; VariantName = "[No Variations]"
Add component (AddParameter): Name = "Vendor"; Value = "Digikey"; VariantName = "[No Variations]"
Add component (AddParameter): Name = "Vendor P/N"; Value = ""; VariantName = "[No Variations]"
Added Component: Designator=R1(R-0805)
Add component (AddParameter): Name = "LatestRevisionDate"; Value = "17-Jul-2002"; VariantName = "[No Variations]"
Add component (AddParameter): Name = "LatestRevisionNote"; Value = "Re-released for DXP Platform."; VariantName = "[No Variations]"
Add component (AddParameter): Name = "PackageReference"; Value = "AXIAL-0.3"; VariantName = "[No Variations]"
Add component (AddParameter): Name = "Published"; Value = "8-Jun-2000"; VariantName = "[No Variations]"
Add component (AddParameter): Name = "Publisher"; Value = "Altium Limited"; VariantName = "[No Variations]"
Add component (AddParameter): Name = "Value"; Value = "10.5"; VariantName = "[No Variations]"
Added Component: Designator=R2(R-0805)
Add component (AddParameter): Name = "LatestRevisionDate"; Value = "17-Jul-2002"; VariantName = "[No Variations]"
Add component (AddParameter): Name = "LatestRevisionNote"; Value = "Re-released for DXP Platform."; VariantName = "[No Variations]"
Add component (AddParameter): Name = "PackageReference"; Value = "AXIAL-0.3"; VariantName = "[No Variations]"
Add component (AddParameter): Name = "Published"; Value = "8-Jun-2000"; VariantName = "[No Variations]"
Add component (AddParameter): Name = "Publisher"; Value = "Altium Limited"; VariantName = "[No Variations]"
Add component (AddParameter): Name = "Value"; Value = "2k"; VariantName = "[No Variations]"
Added Component: Designator=R3(R-0805)
Add component (AddParameter): Name = "LatestRevisionDate"; Value = "17-Jul-2002"; VariantName = "[No Variations]"
Add component (AddParameter): Name = "LatestRevisionNote"; Value = "Re-released for DXP Platform."; VariantName = "[No Variations]"
Add component (AddParameter): Name = "PackageReference"; Value = "AXIAL-0.3"; VariantName = "[No Variations]"
Add component (AddParameter): Name = "Published"; Value = "8-Jun-2000"; VariantName = "[No Variations]"
Add component (AddParameter): Name = "Publisher"; Value = "Altium Limited"; VariantName = "[No Variations]"
Add component (AddParameter): Name = "Value"; Value = "100K"; VariantName = "[No Variations]"
Added Component: Designator=R4(R-0805)
Add component (AddParameter): Name = "LatestRevisionDate"; Value = "17-Jul-2002"; VariantName = "[No Variations]"
Add component (AddParameter): Name = "LatestRevisionNote"; Value = "Re-released for DXP Platform."; VariantName = "[No Variations]"
Add component (AddParameter): Name = "PackageReference"; Value = "AXIAL-0.3"; VariantName = "[No Variations]"
Add component (AddParameter): Name = "Published"; Value = "8-Jun-2000"; VariantName = "[No Variations]"
Add component (AddParameter): Name = "Publisher"; Value = "Altium Limited"; VariantName = "[No Variations]"
Add component (AddParameter): Name = "Value"; Value = "10R"; VariantName = "[No Variations]"
Added Component: Designator=R5(R-0805)
Add component (AddParameter): Name = "LatestRevisionDate"; Value = "17-Jul-2002"; VariantName = "[No Variations]"
Add component (AddParameter): Name = "LatestRevisionNote"; Value = "Re-released for DXP Platform."; VariantName = "[No Variations]"
Add component (AddParameter): Name = "PackageReference"; Value = "AXIAL-0.3"; VariantName = "[No Variations]"
Add component (AddParameter): Name = "Published"; Value = "8-Jun-2000"; VariantName = "[No Variations]"
Add component (AddParameter): Name = "Publisher"; Value = "Altium Limited"; VariantName = "[No Variations]"
Add component (AddParameter): Name = "Value"; Value = "1K"; VariantName = "[No Variations]"
Added Component: Designator=R6(R-0805)
Add component (AddParameter): Name = "LatestRevisionDate"; Value = "17-Jul-2002"; VariantName = "[No Variations]"
Add component (AddParameter): Name = "LatestRevisionNote"; Value = "Re-released for DXP Platform."; VariantName = "[No Variations]"
Add component (AddParameter): Name = "PackageReference"; Value = "AXIAL-0.3"; VariantName = "[No Variations]"
Add component (AddParameter): Name = "Published"; Value = "8-Jun-2000"; VariantName = "[No Variations]"
Add component (AddParameter): Name = "Publisher"; Value = "Altium Limited"; VariantName = "[No Variations]"
Add component (AddParameter): Name = "Value"; Value = "1K"; VariantName = "[No Variations]"
Added Component: Designator=R7(R-0805)
Add component (AddParameter): Name = "LatestRevisionDate"; Value = "17-Jul-2002"; VariantName = "[No Variations]"
Add component (AddParameter): Name = "LatestRevisionNote"; Value = "Re-released for DXP Platform."; VariantName = "[No Variations]"
Add component (AddParameter): Name = "PackageReference"; Value = "AXIAL-0.3"; VariantName = "[No Variations]"
Add component (AddParameter): Name = "Published"; Value = "8-Jun-2000"; VariantName = "[No Variations]"
Add component (AddParameter): Name = "Publisher"; Value = "Altium Limited"; VariantName = "[No Variations]"
Add component (AddParameter): Name = "Value"; Value = "100K"; VariantName = "[No Variations]"
Added Component: Designator=R8(R-0805)
Add component (AddParameter): Name = "LatestRevisionDate"; Value = "17-Jul-2002"; VariantName = "[No Variations]"
Add component (AddParameter): Name = "LatestRevisionNote"; Value = "Re-released for DXP Platform."; VariantName = "[No Variations]"
Add component (AddParameter): Name = "PackageReference"; Value = "AXIAL-0.3"; VariantName = "[No Variations]"
Add component (AddParameter): Name = "Published"; Value = "8-Jun-2000"; VariantName = "[No Variations]"
Add component (AddParameter): Name = "Publisher"; Value = "Altium Limited"; VariantName = "[No Variations]"
Add component (AddParameter): Name = "Value"; Value = "100K"; VariantName = "[No Variations]"
Added Component: Designator=R9(R-0805)
Add component (AddParameter): Name = "LatestRevisionDate"; Value = "17-Jul-2002"; VariantName = "[No Variations]"
Add component (AddParameter): Name = "LatestRevisionNote"; Value = "Re-released for DXP Platform."; VariantName = "[No Variations]"
Add component (AddParameter): Name = "PackageReference"; Value = "AXIAL-0.3"; VariantName = "[No Variations]"
Add component (AddParameter): Name = "Published"; Value = "8-Jun-2000"; VariantName = "[No Variations]"
Add component (AddParameter): Name = "Publisher"; Value = "Altium Limited"; VariantName = "[No Variations]"
Add component (AddParameter): Name = "Value"; Value = "10R"; VariantName = "[No Variations]"
Added Component: Designator=R10(R-0805)
Add component (AddParameter): Name = "LatestRevisionDate"; Value = "17-Jul-2002"; VariantName = "[No Variations]"
Add component (AddParameter): Name = "LatestRevisionNote"; Value = "Re-released for DXP Platform."; VariantName = "[No Variations]"
Add component (AddParameter): Name = "PackageReference"; Value = "AXIAL-0.3"; VariantName = "[No Variations]"
Add component (AddParameter): Name = "Published"; Value = "8-Jun-2000"; VariantName = "[No Variations]"
Add component (AddParameter): Name = "Publisher"; Value = "Altium Limited"; VariantName = "[No Variations]"
Add component (AddParameter): Name = "Value"; Value = "10R"; VariantName = "[No Variations]"
Added Component: Designator=R11(R-0805)
Add component (AddParameter): Name = "LatestRevisionDate"; Value = "17-Jul-2002"; VariantName = "[No Variations]"
Add component (AddParameter): Name = "LatestRevisionNote"; Value = "Re-released for DXP Platform."; VariantName = "[No Variations]"
Add component (AddParameter): Name = "PackageReference"; Value = "AXIAL-0.3"; VariantName = "[No Variations]"
Add component (AddParameter): Name = "Published"; Value = "8-Jun-2000"; VariantName = "[No Variations]"
Add component (AddParameter): Name = "Publisher"; Value = "Altium Limited"; VariantName = "[No Variations]"
Add component (AddParameter): Name = "Value"; Value = "1K"; VariantName = "[No Variations]"
Added Component: Designator=R12(R-0805)
Add component (AddParameter): Name = "LatestRevisionDate"; Value = "17-Jul-2002"; VariantName = "[No Variations]"
Add component (AddParameter): Name = "LatestRevisionNote"; Value = "Re-released for DXP Platform."; VariantName = "[No Variations]"
Add component (AddParameter): Name = "PackageReference"; Value = "AXIAL-0.3"; VariantName = "[No Variations]"
Add component (AddParameter): Name = "Published"; Value = "8-Jun-2000"; VariantName = "[No Variations]"
Add component (AddParameter): Name = "Publisher"; Value = "Altium Limited"; VariantName = "[No Variations]"
Add component (AddParameter): Name = "Value"; Value = "1K"; VariantName = "[No Variations]"
Added Component: Designator=R13(R-0805)
Add component (AddParameter): Name = "LatestRevisionDate"; Value = "17-Jul-2002"; VariantName = "[No Variations]"
Add component (AddParameter): Name = "LatestRevisionNote"; Value = "Re-released for DXP Platform."; VariantName = "[No Variations]"
Add component (AddParameter): Name = "PackageReference"; Value = "AXIAL-0.3"; VariantName = "[No Variations]"
Add component (AddParameter): Name = "Published"; Value = "8-Jun-2000"; VariantName = "[No Variations]"
Add component (AddParameter): Name = "Publisher"; Value = "Altium Limited"; VariantName = "[No Variations]"
Add component (AddParameter): Name = "Value"; Value = "100K"; VariantName = "[No Variations]"
Added Component: Designator=R14(R-0805)
Add component (AddParameter): Name = "LatestRevisionDate"; Value = "17-Jul-2002"; VariantName = "[No Variations]"
Add component (AddParameter): Name = "LatestRevisionNote"; Value = "Re-released for DXP Platform."; VariantName = "[No Variations]"
Add component (AddParameter): Name = "PackageReference"; Value = "AXIAL-0.3"; VariantName = "[No Variations]"
Add component (AddParameter): Name = "Published"; Value = "8-Jun-2000"; VariantName = "[No Variations]"
Add component (AddParameter): Name = "Publisher"; Value = "Altium Limited"; VariantName = "[No Variations]"
Add component (AddParameter): Name = "Value"; Value = "100K"; VariantName = "[No Variations]"
Added Component: Designator=R15(R-0805)
Add component (AddParameter): Name = "LatestRevisionDate"; Value = "17-Jul-2002"; VariantName = "[No Variations]"
Add component (AddParameter): Name = "LatestRevisionNote"; Value = "Re-released for DXP Platform."; VariantName = "[No Variations]"
Add component (AddParameter): Name = "PackageReference"; Value = "AXIAL-0.3"; VariantName = "[No Variations]"
Add component (AddParameter): Name = "Published"; Value = "8-Jun-2000"; VariantName = "[No Variations]"
Add component (AddParameter): Name = "Publisher"; Value = "Altium Limited"; VariantName = "[No Variations]"
Add component (AddParameter): Name = "Value"; Value = "10R"; VariantName = "[No Variations]"
Added Component: Designator=R16(R-0805)
Add component (AddParameter): Name = "LatestRevisionDate"; Value = "17-Jul-2002"; VariantName = "[No Variations]"
Add component (AddParameter): Name = "LatestRevisionNote"; Value = "Re-released for DXP Platform."; VariantName = "[No Variations]"
Add component (AddParameter): Name = "PackageReference"; Value = "AXIAL-0.3"; VariantName = "[No Variations]"
Add component (AddParameter): Name = "Published"; Value = "8-Jun-2000"; VariantName = "[No Variations]"
Add component (AddParameter): Name = "Publisher"; Value = "Altium Limited"; VariantName = "[No Variations]"
Add component (AddParameter): Name = "Value"; Value = "10R"; VariantName = "[No Variations]"
Added Component: Designator=R17(R-0805)
Add component (AddParameter): Name = "LatestRevisionDate"; Value = "17-Jul-2002"; VariantName = "[No Variations]"
Add component (AddParameter): Name = "LatestRevisionNote"; Value = "Re-released for DXP Platform."; VariantName = "[No Variations]"
Add component (AddParameter): Name = "PackageReference"; Value = "AXIAL-0.3"; VariantName = "[No Variations]"
Add component (AddParameter): Name = "Published"; Value = "8-Jun-2000"; VariantName = "[No Variations]"
Add component (AddParameter): Name = "Publisher"; Value = "Altium Limited"; VariantName = "[No Variations]"
Add component (AddParameter): Name = "Value"; Value = "1K"; VariantName = "[No Variations]"
Added Component: Designator=R18(R-0805)
Add component (AddParameter): Name = "LatestRevisionDate"; Value = "17-Jul-2002"; VariantName = "[No Variations]"
Add component (AddParameter): Name = "LatestRevisionNote"; Value = "Re-released for DXP Platform."; VariantName = "[No Variations]"
Add component (AddParameter): Name = "PackageReference"; Value = "AXIAL-0.3"; VariantName = "[No Variations]"
Add component (AddParameter): Name = "Published"; Value = "8-Jun-2000"; VariantName = "[No Variations]"
Add component (AddParameter): Name = "Publisher"; Value = "Altium Limited"; VariantName = "[No Variations]"
Add component (AddParameter): Name = "Value"; Value = "1K"; VariantName = "[No Variations]"
Added Component: Designator=R19(R-0805)
Add component (AddParameter): Name = "LatestRevisionDate"; Value = "17-Jul-2002"; VariantName = "[No Variations]"
Add component (AddParameter): Name = "LatestRevisionNote"; Value = "Re-released for DXP Platform."; VariantName = "[No Variations]"
Add component (AddParameter): Name = "PackageReference"; Value = "AXIAL-0.3"; VariantName = "[No Variations]"
Add component (AddParameter): Name = "Published"; Value = "8-Jun-2000"; VariantName = "[No Variations]"
Add component (AddParameter): Name = "Publisher"; Value = "Altium Limited"; VariantName = "[No Variations]"
Add component (AddParameter): Name = "Value"; Value = "2R"; VariantName = "[No Variations]"
Added Component: Designator=R20(R-0805)
Add component (AddParameter): Name = "LatestRevisionDate"; Value = "17-Jul-2002"; VariantName = "[No Variations]"
Add component (AddParameter): Name = "LatestRevisionNote"; Value = "Re-released for DXP Platform."; VariantName = "[No Variations]"
Add component (AddParameter): Name = "PackageReference"; Value = "AXIAL-0.3"; VariantName = "[No Variations]"
Add component (AddParameter): Name = "Published"; Value = "8-Jun-2000"; VariantName = "[No Variations]"
Add component (AddParameter): Name = "Publisher"; Value = "Altium Limited"; VariantName = "[No Variations]"
Add component (AddParameter): Name = "Value"; Value = "2R"; VariantName = "[No Variations]"
Added Component: Designator=R21(R-0805)
Add component (AddParameter): Name = "LatestRevisionDate"; Value = "17-Jul-2002"; VariantName = "[No Variations]"
Add component (AddParameter): Name = "LatestRevisionNote"; Value = "Re-released for DXP Platform."; VariantName = "[No Variations]"
Add component (AddParameter): Name = "PackageReference"; Value = "AXIAL-0.3"; VariantName = "[No Variations]"
Add component (AddParameter): Name = "Published"; Value = "8-Jun-2000"; VariantName = "[No Variations]"
Add component (AddParameter): Name = "Publisher"; Value = "Altium Limited"; VariantName = "[No Variations]"
Add component (AddParameter): Name = "Value"; Value = "2R"; VariantName = "[No Variations]"
Added Component: Designator=R22(R-0805)
Add component (AddParameter): Name = "LatestRevisionDate"; Value = "17-Jul-2002"; VariantName = "[No Variations]"
Add component (AddParameter): Name = "LatestRevisionNote"; Value = "Re-released for DXP Platform."; VariantName = "[No Variations]"
Add component (AddParameter): Name = "PackageReference"; Value = "AXIAL-0.3"; VariantName = "[No Variations]"
Add component (AddParameter): Name = "Published"; Value = "8-Jun-2000"; VariantName = "[No Variations]"
Add component (AddParameter): Name = "Publisher"; Value = "Altium Limited"; VariantName = "[No Variations]"
Add component (AddParameter): Name = "Value"; Value = "2R"; VariantName = "[No Variations]"
Added Component: Designator=R23(R-0805)
Add component (AddParameter): Name = "LatestRevisionDate"; Value = "17-Jul-2002"; VariantName = "[No Variations]"
Add component (AddParameter): Name = "LatestRevisionNote"; Value = "Re-released for DXP Platform."; VariantName = "[No Variations]"
Add component (AddParameter): Name = "PackageReference"; Value = "AXIAL-0.3"; VariantName = "[No Variations]"
Add component (AddParameter): Name = "Published"; Value = "8-Jun-2000"; VariantName = "[No Variations]"
Add component (AddParameter): Name = "Publisher"; Value = "Altium Limited"; VariantName = "[No Variations]"
Add component (AddParameter): Name = "Value"; Value = "100R"; VariantName = "[No Variations]"
Added Component: Designator=R24(R-0805)
Add component (AddParameter): Name = "LatestRevisionDate"; Value = "17-Jul-2002"; VariantName = "[No Variations]"
Add component (AddParameter): Name = "LatestRevisionNote"; Value = "Re-released for DXP Platform."; VariantName = "[No Variations]"
Add component (AddParameter): Name = "PackageReference"; Value = "AXIAL-0.3"; VariantName = "[No Variations]"
Add component (AddParameter): Name = "Published"; Value = "8-Jun-2000"; VariantName = "[No Variations]"
Add component (AddParameter): Name = "Publisher"; Value = "Altium Limited"; VariantName = "[No Variations]"
Add component (AddParameter): Name = "Value"; Value = "100R"; VariantName = "[No Variations]"
Added Component: Designator=R25(R-0805)
Add component (AddParameter): Name = "LatestRevisionDate"; Value = "17-Jul-2002"; VariantName = "[No Variations]"
Add component (AddParameter): Name = "LatestRevisionNote"; Value = "Re-released for DXP Platform."; VariantName = "[No Variations]"
Add component (AddParameter): Name = "PackageReference"; Value = "AXIAL-0.3"; VariantName = "[No Variations]"
Add component (AddParameter): Name = "Published"; Value = "8-Jun-2000"; VariantName = "[No Variations]"
Add component (AddParameter): Name = "Publisher"; Value = "Altium Limited"; VariantName = "[No Variations]"
Add component (AddParameter): Name = "Value"; Value = "100R"; VariantName = "[No Variations]"
Added Component: Designator=R26(R-0805)
Add component (AddParameter): Name = "LatestRevisionDate"; Value = "17-Jul-2002"; VariantName = "[No Variations]"
Add component (AddParameter): Name = "LatestRevisionNote"; Value = "Re-released for DXP Platform."; VariantName = "[No Variations]"
Add component (AddParameter): Name = "PackageReference"; Value = "AXIAL-0.3"; VariantName = "[No Variations]"
Add component (AddParameter): Name = "Published"; Value = "8-Jun-2000"; VariantName = "[No Variations]"
Add component (AddParameter): Name = "Publisher"; Value = "Altium Limited"; VariantName = "[No Variations]"
Add component (AddParameter): Name = "Value"; Value = "100R"; VariantName = "[No Variations]"
Added Component: Designator=S1(SW-SMD)
Add component (AddParameter): Name = "LatestRevisionDate"; Value = "17-Jul-2002"; VariantName = "[No Variations]"
Add component (AddParameter): Name = "LatestRevisionNote"; Value = "Re-released for DXP Platform."; VariantName = "[No Variations]"
Add component (AddParameter): Name = "PackageReference"; Value = "SPST-2"; VariantName = "[No Variations]"
Add component (AddParameter): Name = "Published"; Value = "24-Mar-1999"; VariantName = "[No Variations]"
Add component (AddParameter): Name = "Publisher"; Value = "Altium Limited"; VariantName = "[No Variations]"
Added Component: Designator=ST-LINK1(CON4)
Add component (AddParameter): Name = "Value"; Value = "Connector 4"; VariantName = "[No Variations]"
Added Component: Designator=U1(CONV_XL4015)
Add component (AddParameter): Name = "Availability"; Value = "Unavailable"; VariantName = "[No Variations]"
Add component (AddParameter): Name = "MF"; Value = ""; VariantName = "[No Variations]"
Add component (AddParameter): Name = "MP"; Value = "XL4015"; VariantName = "[No Variations]"
Add component (AddParameter): Name = "Package"; Value = "None"; VariantName = "[No Variations]"
Add component (AddParameter): Name = "Price"; Value = "None"; VariantName = "[No Variations]"
Add component (AddParameter): Name = "Value"; Value = ""; VariantName = "[No Variations]"
Added Component: Designator=U2(TO-263)
Add component (AddParameter): Name = "ComponentLink1Description"; Value = "Digikey Part Link"; VariantName = "[No Variations]"
Add component (AddParameter): Name = "ComponentLink1URL"; Value = ""; VariantName = "[No Variations]"
Add component (AddParameter): Name = "ComponentLink2Description"; Value = "Open Datasheet"; VariantName = "[No Variations]"
Add component (AddParameter): Name = "ComponentLink2URL"; Value = "H:\LIBRARY\LIBRARY.Datasheet\IRF9540.pdf"; VariantName = "[No Variations]"
Add component (AddParameter): Name = "Manufacturer"; Value = ""; VariantName = "[No Variations]"
Add component (AddParameter): Name = "Manufacturer P/N"; Value = ""; VariantName = "[No Variations]"
Add component (AddParameter): Name = "Price"; Value = "7.000 VND"; VariantName = "[No Variations]"
Add component (AddParameter): Name = "Published"; Value = "13-April-2009"; VariantName = "[No Variations]"
Add component (AddParameter): Name = "Publisher"; Value = "Hoang Nguyen"; VariantName = "[No Variations]"
Add component (AddParameter): Name = "Vendor"; Value = "Digikey"; VariantName = "[No Variations]"
Add component (AddParameter): Name = "Vendor P/N"; Value = ""; VariantName = "[No Variations]"
Added Component: Designator=U3(TO-263)
Add component (AddParameter): Name = "ComponentLink1Description"; Value = "Digikey Part Link"; VariantName = "[No Variations]"
Add component (AddParameter): Name = "ComponentLink1URL"; Value = ""; VariantName = "[No Variations]"
Add component (AddParameter): Name = "ComponentLink2Description"; Value = "Open Datasheet"; VariantName = "[No Variations]"
Add component (AddParameter): Name = "ComponentLink2URL"; Value = "H:\LIBRARY\LIBRARY.Datasheet\IRF9540.pdf"; VariantName = "[No Variations]"
Add component (AddParameter): Name = "Manufacturer"; Value = ""; VariantName = "[No Variations]"
Add component (AddParameter): Name = "Manufacturer P/N"; Value = ""; VariantName = "[No Variations]"
Add component (AddParameter): Name = "Price"; Value = "7.000 VND"; VariantName = "[No Variations]"
Add component (AddParameter): Name = "Published"; Value = "13-April-2009"; VariantName = "[No Variations]"
Add component (AddParameter): Name = "Publisher"; Value = "Hoang Nguyen"; VariantName = "[No Variations]"
Add component (AddParameter): Name = "Vendor"; Value = "Digikey"; VariantName = "[No Variations]"
Add component (AddParameter): Name = "Vendor P/N"; Value = ""; VariantName = "[No Variations]"
Added Component: Designator=U4(TO-263)
Add component (AddParameter): Name = "ComponentLink1Description"; Value = "Digikey Part Link"; VariantName = "[No Variations]"
Add component (AddParameter): Name = "ComponentLink1URL"; Value = ""; VariantName = "[No Variations]"
Add component (AddParameter): Name = "ComponentLink2Description"; Value = "Open Datasheet"; VariantName = "[No Variations]"
Add component (AddParameter): Name = "ComponentLink2URL"; Value = "H:\LIBRARY\LIBRARY.Datasheet\IRF9540.pdf"; VariantName = "[No Variations]"
Add component (AddParameter): Name = "Manufacturer"; Value = ""; VariantName = "[No Variations]"
Add component (AddParameter): Name = "Manufacturer P/N"; Value = ""; VariantName = "[No Variations]"
Add component (AddParameter): Name = "Price"; Value = "7.000 VND"; VariantName = "[No Variations]"
Add component (AddParameter): Name = "Published"; Value = "13-April-2009"; VariantName = "[No Variations]"
Add component (AddParameter): Name = "Publisher"; Value = "Hoang Nguyen"; VariantName = "[No Variations]"
Add component (AddParameter): Name = "Vendor"; Value = "Digikey"; VariantName = "[No Variations]"
Add component (AddParameter): Name = "Vendor P/N"; Value = ""; VariantName = "[No Variations]"
Added Component: Designator=U5(SOP50P490X110-10N)
Add component (AddParameter): Name = "Availability"; Value = "Unavailable"; VariantName = "[No Variations]"
Add component (AddParameter): Name = "MF"; Value = ""; VariantName = "[No Variations]"
Add component (AddParameter): Name = "MP"; Value = "altium_native_batch"; VariantName = "[No Variations]"
Add component (AddParameter): Name = "Package"; Value = "None"; VariantName = "[No Variations]"
Add component (AddParameter): Name = "Price"; Value = "None"; VariantName = "[No Variations]"
Add component (AddParameter): Name = "Value"; Value = ""; VariantName = "[No Variations]"
Added Component: Designator=U6(TO-263)
Add component (AddParameter): Name = "ComponentLink1Description"; Value = "Digikey Part Link"; VariantName = "[No Variations]"
Add component (AddParameter): Name = "ComponentLink1URL"; Value = ""; VariantName = "[No Variations]"
Add component (AddParameter): Name = "ComponentLink2Description"; Value = "Open Datasheet"; VariantName = "[No Variations]"
Add component (AddParameter): Name = "ComponentLink2URL"; Value = "H:\LIBRARY\LIBRARY.Datasheet\IRF9540.pdf"; VariantName = "[No Variations]"
Add component (AddParameter): Name = "Manufacturer"; Value = ""; VariantName = "[No Variations]"
Add component (AddParameter): Name = "Manufacturer P/N"; Value = ""; VariantName = "[No Variations]"
Add component (AddParameter): Name = "Price"; Value = "7.000 VND"; VariantName = "[No Variations]"
Add component (AddParameter): Name = "Published"; Value = "13-April-2009"; VariantName = "[No Variations]"
Add component (AddParameter): Name = "Publisher"; Value = "Hoang Nguyen"; VariantName = "[No Variations]"
Add component (AddParameter): Name = "Vendor"; Value = "Digikey"; VariantName = "[No Variations]"
Add component (AddParameter): Name = "Vendor P/N"; Value = ""; VariantName = "[No Variations]"
Added Component: Designator=U7(TO-263)
Add component (AddParameter): Name = "ComponentLink1Description"; Value = "Digikey Part Link"; VariantName = "[No Variations]"
Add component (AddParameter): Name = "ComponentLink1URL"; Value = ""; VariantName = "[No Variations]"
Add component (AddParameter): Name = "ComponentLink2Description"; Value = "Open Datasheet"; VariantName = "[No Variations]"
Add component (AddParameter): Name = "ComponentLink2URL"; Value = "H:\LIBRARY\LIBRARY.Datasheet\IRF9540.pdf"; VariantName = "[No Variations]"
Add component (AddParameter): Name = "Manufacturer"; Value = ""; VariantName = "[No Variations]"
Add component (AddParameter): Name = "Manufacturer P/N"; Value = ""; VariantName = "[No Variations]"
Add component (AddParameter): Name = "Price"; Value = "7.000 VND"; VariantName = "[No Variations]"
Add component (AddParameter): Name = "Published"; Value = "13-April-2009"; VariantName = "[No Variations]"
Add component (AddParameter): Name = "Publisher"; Value = "Hoang Nguyen"; VariantName = "[No Variations]"
Add component (AddParameter): Name = "Vendor"; Value = "Digikey"; VariantName = "[No Variations]"
Add component (AddParameter): Name = "Vendor P/N"; Value = ""; VariantName = "[No Variations]"
Added Component: Designator=U8(SOT65P280X145-8N)
Add component (AddParameter): Name = "Check_prices"; Value = "https://www.snapeda.com/parts/INA219AIDCNR/Texas+Instruments/view-part/?ref=eda"; VariantName = "[No Variations]"
Add component (AddParameter): Name = "MF"; Value = "Texas Instruments"; VariantName = "[No Variations]"
Add component (AddParameter): Name = "MP"; Value = "INA219AIDCNR"; VariantName = "[No Variations]"
Add component (AddParameter): Name = "Package"; Value = "SOT-23-8 Texas Instruments"; VariantName = "[No Variations]"
Add component (AddParameter): Name = "SnapEDA_Link"; Value = "https://www.snapeda.com/parts/INA219AIDCNR/Texas+Instruments/view-part/?ref=snap"; VariantName = "[No Variations]"
Add component (AddParameter): Name = "Value"; Value = ""; VariantName = "[No Variations]"
Added Component: Designator=U9(SOT65P280X145-8N)
Add component (AddParameter): Name = "Check_prices"; Value = "https://www.snapeda.com/parts/INA219AIDCNR/Texas+Instruments/view-part/?ref=eda"; VariantName = "[No Variations]"
Add component (AddParameter): Name = "MF"; Value = "Texas Instruments"; VariantName = "[No Variations]"
Add component (AddParameter): Name = "MP"; Value = "INA219AIDCNR"; VariantName = "[No Variations]"
Add component (AddParameter): Name = "Package"; Value = "SOT-23-8 Texas Instruments"; VariantName = "[No Variations]"
Add component (AddParameter): Name = "SnapEDA_Link"; Value = "https://www.snapeda.com/parts/INA219AIDCNR/Texas+Instruments/view-part/?ref=snap"; VariantName = "[No Variations]"
Add component (AddParameter): Name = "Value"; Value = ""; VariantName = "[No Variations]"
Added Component: Designator=U10(SOT65P280X145-8N)
Add component (AddParameter): Name = "Check_prices"; Value = "https://www.snapeda.com/parts/INA219AIDCNR/Texas+Instruments/view-part/?ref=eda"; VariantName = "[No Variations]"
Add component (AddParameter): Name = "MF"; Value = "Texas Instruments"; VariantName = "[No Variations]"
Add component (AddParameter): Name = "MP"; Value = "INA219AIDCNR"; VariantName = "[No Variations]"
Add component (AddParameter): Name = "Package"; Value = "SOT-23-8 Texas Instruments"; VariantName = "[No Variations]"
Add component (AddParameter): Name = "SnapEDA_Link"; Value = "https://www.snapeda.com/parts/INA219AIDCNR/Texas+Instruments/view-part/?ref=snap"; VariantName = "[No Variations]"
Add component (AddParameter): Name = "Value"; Value = ""; VariantName = "[No Variations]"
Added Component: Designator=U11(SOT65P280X145-8N)
Add component (AddParameter): Name = "Check_prices"; Value = "https://www.snapeda.com/parts/INA219AIDCNR/Texas+Instruments/view-part/?ref=eda"; VariantName = "[No Variations]"
Add component (AddParameter): Name = "MF"; Value = "Texas Instruments"; VariantName = "[No Variations]"
Add component (AddParameter): Name = "MP"; Value = "INA219AIDCNR"; VariantName = "[No Variations]"
Add component (AddParameter): Name = "Package"; Value = "SOT-23-8 Texas Instruments"; VariantName = "[No Variations]"
Add component (AddParameter): Name = "SnapEDA_Link"; Value = "https://www.snapeda.com/parts/INA219AIDCNR/Texas+Instruments/view-part/?ref=snap"; VariantName = "[No Variations]"
Add component (AddParameter): Name = "Value"; Value = ""; VariantName = "[No Variations]"
Added Component: Designator=U12(SOT229P700X180-4N)
Add component (AddParameter): Name = "Availability"; Value = "Not in stock"; VariantName = "[No Variations]"
Add component (AddParameter): Name = "Check_prices"; Value = "https://www.snapeda.com/parts/AMS1117-3.3/Advanced+Monolithic+Systems/view-part/?ref=eda"; VariantName = "[No Variations]"
Add component (AddParameter): Name = "MF"; Value = "Advanced Monolithic Systems"; VariantName = "[No Variations]"
Add component (AddParameter): Name = "MP"; Value = "AMS1117-3.3"; VariantName = "[No Variations]"
Add component (AddParameter): Name = "Package"; Value = "SOT-223 Seeed Technology"; VariantName = "[No Variations]"
Add component (AddParameter): Name = "Price"; Value = "None"; VariantName = "[No Variations]"
Add component (AddParameter): Name = "SnapEDA_Link"; Value = "https://www.snapeda.com/parts/AMS1117-3.3/Advanced+Monolithic+Systems/view-part/?ref=snap"; VariantName = "[No Variations]"
Add component (AddParameter): Name = "Value"; Value = ""; VariantName = "[No Variations]"
Added Component: Designator=U13(QFP50P900X900X160-48N)
Add component (AddParameter): Name = "Check_prices"; Value = "https://www.snapeda.com/parts/STM32F103C8T6/STMicroelectronics/view-part/?ref=eda"; VariantName = "[No Variations]"
Add component (AddParameter): Name = "MF"; Value = "STMicroelectronics"; VariantName = "[No Variations]"
Add component (AddParameter): Name = "MP"; Value = "STM32F103C8T6"; VariantName = "[No Variations]"
Add component (AddParameter): Name = "Package"; Value = "LQFP-48 STMicroelectronics"; VariantName = "[No Variations]"
Add component (AddParameter): Name = "SnapEDA_Link"; Value = "https://www.snapeda.com/parts/STM32F103C8T6/STMicroelectronics/view-part/?ref=snap"; VariantName = "[No Variations]"
Add component (AddParameter): Name = "Value"; Value = ""; VariantName = "[No Variations]"
Added Pin To Net: NetName=+12 Pin=C1-1
Added Pin To Net: NetName=+12 Pin=C3-2
Added Pin To Net: NetName=+12 Pin=JP2-1
Added Pin To Net: NetName=+12 Pin=P4-2
Added Pin To Net: NetName=+12 Pin=R3-2
Added Pin To Net: NetName=+12 Pin=R7-2
Added Pin To Net: NetName=+12 Pin=R8-2
Added Pin To Net: NetName=+12 Pin=R13-2
Added Pin To Net: NetName=+12 Pin=R14-2
Added Pin To Net: NetName=+12 Pin=U1-4
Added Pin To Net: NetName=+12 Pin=U1-5
Added Pin To Net: NetName=+12 Pin=U2-2
Added Pin To Net: NetName=+12 Pin=U2-2
Added Pin To Net: NetName=+12 Pin=U3-2
Added Pin To Net: NetName=+12 Pin=U3-2
Added Pin To Net: NetName=+12 Pin=U4-2
Added Pin To Net: NetName=+12 Pin=U4-2
Added Pin To Net: NetName=+12 Pin=U6-2
Added Pin To Net: NetName=+12 Pin=U6-2
Added Pin To Net: NetName=+12 Pin=U7-2
Added Pin To Net: NetName=+12 Pin=U7-2
Added Net: Name=+12
Added Pin To Net: NetName=3V3 Pin=C39-2
Added Pin To Net: NetName=3V3 Pin=C41-1
Added Pin To Net: NetName=3V3 Pin=C42-2
Added Pin To Net: NetName=3V3 Pin=C43-2
Added Pin To Net: NetName=3V3 Pin=C44-2
Added Pin To Net: NetName=3V3 Pin=C45-2
Added Pin To Net: NetName=3V3 Pin=R23-2
Added Pin To Net: NetName=3V3 Pin=ST-LINK1-4
Added Pin To Net: NetName=3V3 Pin=U12-2
Added Pin To Net: NetName=3V3 Pin=U13-9
Added Pin To Net: NetName=3V3 Pin=U13-24
Added Pin To Net: NetName=3V3 Pin=U13-36
Added Pin To Net: NetName=3V3 Pin=U13-48
Added Net: Name=3V3
Added Pin To Net: NetName=AI0 Pin=J1-7
Added Pin To Net: NetName=AI0 Pin=U5-6
Added Net: Name=AI0
Added Pin To Net: NetName=AI1 Pin=J2-7
Added Pin To Net: NetName=AI1 Pin=U5-7
Added Net: Name=AI1
Added Pin To Net: NetName=AV0 Pin=R5-1
Added Pin To Net: NetName=AV0 Pin=R6-2
Added Pin To Net: NetName=AV0 Pin=U5-4
Added Net: Name=AV0
Added Pin To Net: NetName=AV1 Pin=R11-1
Added Pin To Net: NetName=AV1 Pin=R12-2
Added Pin To Net: NetName=AV1 Pin=U5-5
Added Net: Name=AV1
Added Pin To Net: NetName=AV2 Pin=R17-1
Added Pin To Net: NetName=AV2 Pin=R18-2
Added Net: Name=AV2
Added Pin To Net: NetName=BOOT0 Pin=R25-1
Added Pin To Net: NetName=BOOT0 Pin=R26-2
Added Pin To Net: NetName=BOOT0 Pin=U13-44
Added Net: Name=BOOT0
Added Pin To Net: NetName=BOOT1 Pin=U13-20
Added Net: Name=BOOT1
Added Pin To Net: NetName=Bz Pin=R24-1
Added Pin To Net: NetName=Bz Pin=U13-45
Added Net: Name=Bz
Added Pin To Net: NetName=C1 Pin=Matrix keypad-4
Added Pin To Net: NetName=C1 Pin=U13-25
Added Net: Name=C1
Added Pin To Net: NetName=C2 Pin=Matrix keypad-3
Added Pin To Net: NetName=C2 Pin=U13-26
Added Net: Name=C2
Added Pin To Net: NetName=C3 Pin=Matrix keypad-2
Added Pin To Net: NetName=C3 Pin=U13-27
Added Net: Name=C3
Added Pin To Net: NetName=C4 Pin=Matrix keypad-1
Added Pin To Net: NetName=C4 Pin=U13-28
Added Net: Name=C4
Added Pin To Net: NetName=CLK Pin=ST-LINK1-2
Added Pin To Net: NetName=CLK Pin=U13-37
Added Net: Name=CLK
Added Pin To Net: NetName=DC_Bus Pin=D4-A
Added Pin To Net: NetName=DC_Bus Pin=J1-3
Added Pin To Net: NetName=DC_Bus Pin=J1-4
Added Pin To Net: NetName=DC_Bus Pin=J2-3
Added Pin To Net: NetName=DC_Bus Pin=J2-4
Added Net: Name=DC_Bus
Added Pin To Net: NetName=DIO Pin=ST-LINK1-3
Added Pin To Net: NetName=DIO Pin=U13-34
Added Net: Name=DIO
Added Pin To Net: NetName=DM_P1 Pin=J3-5
Added Pin To Net: NetName=DM_P1 Pin=JP3-3
Added Net: Name=DM_P1
Added Pin To Net: NetName=DM_P2 Pin=J4-5
Added Pin To Net: NetName=DM_P2 Pin=JP4-3
Added Net: Name=DM_P2
Added Pin To Net: NetName=DM_P3 Pin=J5-5
Added Pin To Net: NetName=DM_P3 Pin=JP5-3
Added Net: Name=DM_P3
Added Pin To Net: NetName=DM_P4 Pin=J6-5
Added Pin To Net: NetName=DM_P4 Pin=JP6-3
Added Net: Name=DM_P4
Added Pin To Net: NetName=DP_P1 Pin=J3-6
Added Pin To Net: NetName=DP_P1 Pin=JP3-2
Added Net: Name=DP_P1
Added Pin To Net: NetName=DP_P2 Pin=J4-6
Added Pin To Net: NetName=DP_P2 Pin=JP4-2
Added Net: Name=DP_P2
Added Pin To Net: NetName=DP_P3 Pin=J5-6
Added Pin To Net: NetName=DP_P3 Pin=JP5-2
Added Net: Name=DP_P3
Added Pin To Net: NetName=DP_P4 Pin=J6-6
Added Pin To Net: NetName=DP_P4 Pin=JP6-2
Added Net: Name=DP_P4
Added Pin To Net: NetName=GND Pin=C1-2
Added Pin To Net: NetName=GND Pin=C2-2
Added Pin To Net: NetName=GND Pin=C3-1
Added Pin To Net: NetName=GND Pin=C4-1
Added Pin To Net: NetName=GND Pin=C5-1
Added Pin To Net: NetName=GND Pin=C6-1
Added Pin To Net: NetName=GND Pin=C7-1
Added Pin To Net: NetName=GND Pin=C8-1
Added Pin To Net: NetName=GND Pin=C9-2
Added Pin To Net: NetName=GND Pin=C10-2
Added Pin To Net: NetName=GND Pin=C11-2
Added Pin To Net: NetName=GND Pin=C12-2
Added Pin To Net: NetName=GND Pin=C13-2
Added Pin To Net: NetName=GND Pin=C16-2
Added Pin To Net: NetName=GND Pin=C17-2
Added Pin To Net: NetName=GND Pin=C18-2
Added Pin To Net: NetName=GND Pin=C19-2
Added Pin To Net: NetName=GND Pin=C20-1
Added Pin To Net: NetName=GND Pin=C21-1
Added Pin To Net: NetName=GND Pin=C22-1
Added Pin To Net: NetName=GND Pin=C23-1
Added Pin To Net: NetName=GND Pin=C24-2
Added Pin To Net: NetName=GND Pin=C25-2
Added Pin To Net: NetName=GND Pin=C26-2
Added Pin To Net: NetName=GND Pin=C27-2
Added Pin To Net: NetName=GND Pin=C30-2
Added Pin To Net: NetName=GND Pin=C31-2
Added Pin To Net: NetName=GND Pin=C32-2
Added Pin To Net: NetName=GND Pin=C33-2
Added Pin To Net: NetName=GND Pin=C34-1
Added Pin To Net: NetName=GND Pin=C35-1
Added Pin To Net: NetName=GND Pin=C36-1
Added Pin To Net: NetName=GND Pin=C37-1
Added Pin To Net: NetName=GND Pin=C38-1
Added Pin To Net: NetName=GND Pin=C39-1
Added Pin To Net: NetName=GND Pin=C40-2
Added Pin To Net: NetName=GND Pin=C41-2
Added Pin To Net: NetName=GND Pin=C42-1
Added Pin To Net: NetName=GND Pin=C43-1
Added Pin To Net: NetName=GND Pin=C44-1
Added Pin To Net: NetName=GND Pin=C45-1
Added Pin To Net: NetName=GND Pin=D1-A
Added Pin To Net: NetName=GND Pin=J1-5
Added Pin To Net: NetName=GND Pin=J2-5
Added Pin To Net: NetName=GND Pin=J3-PAD
Added Pin To Net: NetName=GND Pin=J4-PAD
Added Pin To Net: NetName=GND Pin=J5-PAD
Added Pin To Net: NetName=GND Pin=J6-PAD
Added Pin To Net: NetName=GND Pin=JP1-4
Added Pin To Net: NetName=GND Pin=JP3-1
Added Pin To Net: NetName=GND Pin=JP4-1
Added Pin To Net: NetName=GND Pin=JP5-1
Added Pin To Net: NetName=GND Pin=JP6-1
Added Pin To Net: NetName=GND Pin=JP7-4
Added Pin To Net: NetName=GND Pin=JP?-4
Added Pin To Net: NetName=GND Pin=P1-1
Added Pin To Net: NetName=GND Pin=P2-1
Added Pin To Net: NetName=GND Pin=P3-1
Added Pin To Net: NetName=GND Pin=P4-1
Added Pin To Net: NetName=GND Pin=Q1-2
Added Pin To Net: NetName=GND Pin=Q2-2
Added Pin To Net: NetName=GND Pin=Q3-2
Added Pin To Net: NetName=GND Pin=Q4-2
Added Pin To Net: NetName=GND Pin=Q5-2
Added Pin To Net: NetName=GND Pin=Q6-2
Added Pin To Net: NetName=GND Pin=R2-1
Added Pin To Net: NetName=GND Pin=R6-1
Added Pin To Net: NetName=GND Pin=R12-1
Added Pin To Net: NetName=GND Pin=R18-1
Added Pin To Net: NetName=GND Pin=R25-2
Added Pin To Net: NetName=GND Pin=R26-1
Added Pin To Net: NetName=GND Pin=S1-1
Added Pin To Net: NetName=GND Pin=ST-LINK1-1
Added Pin To Net: NetName=GND Pin=U1-1
Added Pin To Net: NetName=GND Pin=U5-1
Added Pin To Net: NetName=GND Pin=U5-3
Added Pin To Net: NetName=GND Pin=U8-3
Added Pin To Net: NetName=GND Pin=U8-7
Added Pin To Net: NetName=GND Pin=U8-8
Added Pin To Net: NetName=GND Pin=U9-3
Added Pin To Net: NetName=GND Pin=U9-8
Added Pin To Net: NetName=GND Pin=U10-3
Added Pin To Net: NetName=GND Pin=U10-7
Added Pin To Net: NetName=GND Pin=U11-3
Added Pin To Net: NetName=GND Pin=U12-1
Added Pin To Net: NetName=GND Pin=U13-8
Added Pin To Net: NetName=GND Pin=U13-23
Added Pin To Net: NetName=GND Pin=U13-35
Added Pin To Net: NetName=GND Pin=U13-47
Added Net: Name=GND
Added Pin To Net: NetName=GPS_RX Pin=JP7-2
Added Pin To Net: NetName=GPS_RX Pin=U13-30
Added Net: Name=GPS_RX
Added Pin To Net: NetName=GPS_TX Pin=JP7-3
Added Pin To Net: NetName=GPS_TX Pin=U13-31
Added Net: Name=GPS_TX
Added Pin To Net: NetName=IV Pin=P3-2
Added Pin To Net: NetName=IV Pin=U2-3
Added Net: Name=IV
Added Pin To Net: NetName=NetC6_2 Pin=C6-2
Added Pin To Net: NetName=NetC6_2 Pin=J1-6
Added Net: Name=NetC6_2
Added Pin To Net: NetName=NetC8_2 Pin=C8-2
Added Pin To Net: NetName=NetC8_2 Pin=J2-6
Added Net: Name=NetC8_2
Added Pin To Net: NetName=NetC14_1 Pin=C14-1
Added Pin To Net: NetName=NetC14_1 Pin=J3-3
Added Net: Name=NetC14_1
Added Pin To Net: NetName=NetC14_2 Pin=C14-2
Added Pin To Net: NetName=NetC14_2 Pin=J3-1
Added Pin To Net: NetName=NetC14_2 Pin=J3-2
Added Pin To Net: NetName=NetC14_2 Pin=L2-2
Added Pin To Net: NetName=NetC14_2 Pin=R19-2
Added Net: Name=NetC14_2
Added Pin To Net: NetName=NetC15_1 Pin=C15-1
Added Pin To Net: NetName=NetC15_1 Pin=J4-3
Added Net: Name=NetC15_1
Added Pin To Net: NetName=NetC15_2 Pin=C15-2
Added Pin To Net: NetName=NetC15_2 Pin=J4-1
Added Pin To Net: NetName=NetC15_2 Pin=J4-2
Added Pin To Net: NetName=NetC15_2 Pin=L3-2
Added Pin To Net: NetName=NetC15_2 Pin=R20-2
Added Net: Name=NetC15_2
Added Pin To Net: NetName=NetC20_2 Pin=C20-2
Added Pin To Net: NetName=NetC20_2 Pin=R19-1
Added Net: Name=NetC20_2
Added Pin To Net: NetName=NetC21_2 Pin=C21-2
Added Pin To Net: NetName=NetC21_2 Pin=R20-1
Added Net: Name=NetC21_2
Added Pin To Net: NetName=NetC28_1 Pin=C28-1
Added Pin To Net: NetName=NetC28_1 Pin=J5-3
Added Net: Name=NetC28_1
Added Pin To Net: NetName=NetC28_2 Pin=C28-2
Added Pin To Net: NetName=NetC28_2 Pin=J5-1
Added Pin To Net: NetName=NetC28_2 Pin=J5-2
Added Pin To Net: NetName=NetC28_2 Pin=L4-2
Added Pin To Net: NetName=NetC28_2 Pin=R21-2
Added Net: Name=NetC28_2
Added Pin To Net: NetName=NetC29_1 Pin=C29-1
Added Pin To Net: NetName=NetC29_1 Pin=J6-3
Added Net: Name=NetC29_1
Added Pin To Net: NetName=NetC29_2 Pin=C29-2
Added Pin To Net: NetName=NetC29_2 Pin=J6-1
Added Pin To Net: NetName=NetC29_2 Pin=J6-2
Added Pin To Net: NetName=NetC29_2 Pin=L5-2
Added Pin To Net: NetName=NetC29_2 Pin=R22-2
Added Net: Name=NetC29_2
Added Pin To Net: NetName=NetC34_2 Pin=C34-2
Added Pin To Net: NetName=NetC34_2 Pin=R21-1
Added Net: Name=NetC34_2
Added Pin To Net: NetName=NetC35_2 Pin=C35-2
Added Pin To Net: NetName=NetC35_2 Pin=R22-1
Added Net: Name=NetC35_2
Added Pin To Net: NetName=NetD1_C Pin=D1-C
Added Pin To Net: NetName=NetD1_C Pin=L1-1
Added Pin To Net: NetName=NetD1_C Pin=U1-3
Added Pin To Net: NetName=NetD1_C Pin=U1-3.1
Added Net: Name=NetD1_C
Added Pin To Net: NetName=NetD2_A Pin=D2-A
Added Pin To Net: NetName=NetD2_A Pin=P1-2
Added Net: Name=NetD2_A
Added Pin To Net: NetName=NetD2_K Pin=D2-K
Added Pin To Net: NetName=NetD2_K Pin=F1-1
Added Net: Name=NetD2_K
Added Pin To Net: NetName=NetD3_A Pin=D3-A
Added Pin To Net: NetName=NetD3_A Pin=P2-2
Added Net: Name=NetD3_A
Added Pin To Net: NetName=NetD3_K Pin=D3-K
Added Pin To Net: NetName=NetD3_K Pin=F2-1
Added Net: Name=NetD3_K
Added Pin To Net: NetName=NetLS1_2 Pin=LS1-2
Added Pin To Net: NetName=NetLS1_2 Pin=Q6-3
Added Net: Name=NetLS1_2
Added Pin To Net: NetName=NetQ1_1 Pin=Q1-1
Added Pin To Net: NetName=NetQ1_1 Pin=R4-1
Added Net: Name=NetQ1_1
Added Pin To Net: NetName=NetQ1_3 Pin=Q1-3
Added Pin To Net: NetName=NetQ1_3 Pin=R3-1
Added Pin To Net: NetName=NetQ1_3 Pin=U2-1
Added Net: Name=NetQ1_3
Added Pin To Net: NetName=NetQ2_1 Pin=Q2-1
Added Pin To Net: NetName=NetQ2_1 Pin=R9-1
Added Net: Name=NetQ2_1
Added Pin To Net: NetName=NetQ2_3 Pin=Q2-3
Added Pin To Net: NetName=NetQ2_3 Pin=R7-1
Added Pin To Net: NetName=NetQ2_3 Pin=U3-1
Added Net: Name=NetQ2_3
Added Pin To Net: NetName=NetQ3_1 Pin=Q3-1
Added Pin To Net: NetName=NetQ3_1 Pin=R10-1
Added Net: Name=NetQ3_1
Added Pin To Net: NetName=NetQ3_3 Pin=Q3-3
Added Pin To Net: NetName=NetQ3_3 Pin=R8-1
Added Pin To Net: NetName=NetQ3_3 Pin=U4-1
Added Net: Name=NetQ3_3
Added Pin To Net: NetName=NetQ4_1 Pin=Q4-1
Added Pin To Net: NetName=NetQ4_1 Pin=R15-1
Added Net: Name=NetQ4_1
Added Pin To Net: NetName=NetQ4_3 Pin=Q4-3
Added Pin To Net: NetName=NetQ4_3 Pin=R13-1
Added Pin To Net: NetName=NetQ4_3 Pin=U6-1
Added Net: Name=NetQ4_3
Added Pin To Net: NetName=NetQ5_1 Pin=Q5-1
Added Pin To Net: NetName=NetQ5_1 Pin=R16-1
Added Net: Name=NetQ5_1
Added Pin To Net: NetName=NetQ5_3 Pin=Q5-3
Added Pin To Net: NetName=NetQ5_3 Pin=R14-1
Added Pin To Net: NetName=NetQ5_3 Pin=U7-1
Added Net: Name=NetQ5_3
Added Pin To Net: NetName=NetQ6_1 Pin=Q6-1
Added Pin To Net: NetName=NetQ6_1 Pin=R24-2
Added Net: Name=NetQ6_1
Added Pin To Net: NetName=NetR1_1 Pin=R1-1
Added Pin To Net: NetName=NetR1_1 Pin=R2-2
Added Pin To Net: NetName=NetR1_1 Pin=U1-2
Added Net: Name=NetR1_1
Added Pin To Net: NetName=NRST Pin=C40-1
Added Pin To Net: NetName=NRST Pin=R23-1
Added Pin To Net: NetName=NRST Pin=S1-2
Added Pin To Net: NetName=NRST Pin=U13-7
Added Net: Name=NRST
Added Pin To Net: NetName=P1 Pin=C16-1
Added Pin To Net: NetName=P1 Pin=C17-1
Added Pin To Net: NetName=P1 Pin=J3-7
Added Pin To Net: NetName=P1 Pin=U3-3
Added Net: Name=P1
Added Pin To Net: NetName=P2 Pin=C18-1
Added Pin To Net: NetName=P2 Pin=C19-1
Added Pin To Net: NetName=P2 Pin=J4-7
Added Pin To Net: NetName=P2 Pin=U4-3
Added Net: Name=P2
Added Pin To Net: NetName=P3 Pin=C30-1
Added Pin To Net: NetName=P3 Pin=C31-1
Added Pin To Net: NetName=P3 Pin=J5-7
Added Pin To Net: NetName=P3 Pin=U6-3
Added Net: Name=P3
Added Pin To Net: NetName=P4 Pin=C32-1
Added Pin To Net: NetName=P4 Pin=C33-1
Added Pin To Net: NetName=P4 Pin=J6-7
Added Pin To Net: NetName=P4 Pin=U7-3
Added Net: Name=P4
Added Pin To Net: NetName=R1 Pin=Matrix keypad-8
Added Pin To Net: NetName=R1 Pin=U13-17
Added Net: Name=R1
Added Pin To Net: NetName=R2 Pin=Matrix keypad-7
Added Pin To Net: NetName=R2 Pin=U13-16
Added Net: Name=R2
Added Pin To Net: NetName=R3 Pin=Matrix keypad-6
Added Pin To Net: NetName=R3 Pin=U13-15
Added Net: Name=R3
Added Pin To Net: NetName=R4 Pin=Matrix keypad-5
Added Pin To Net: NetName=R4 Pin=U13-14
Added Net: Name=R4
Added Pin To Net: NetName=RX Pin=JP1-2
Added Pin To Net: NetName=RX Pin=U13-12
Added Net: Name=RX
Added Pin To Net: NetName=SCL1 Pin=U5-10
Added Pin To Net: NetName=SCL1 Pin=U13-42
Added Net: Name=SCL1
Added Pin To Net: NetName=SCL2 Pin=JP?-1
Added Pin To Net: NetName=SCL2 Pin=U8-5
Added Pin To Net: NetName=SCL2 Pin=U9-5
Added Pin To Net: NetName=SCL2 Pin=U10-5
Added Pin To Net: NetName=SCL2 Pin=U11-5
Added Pin To Net: NetName=SCL2 Pin=U13-21
Added Net: Name=SCL2
Added Pin To Net: NetName=SDA1 Pin=U5-9
Added Pin To Net: NetName=SDA1 Pin=U13-43
Added Net: Name=SDA1
Added Pin To Net: NetName=SDA2 Pin=JP?-2
Added Pin To Net: NetName=SDA2 Pin=U8-6
Added Pin To Net: NetName=SDA2 Pin=U9-6
Added Pin To Net: NetName=SDA2 Pin=U10-6
Added Pin To Net: NetName=SDA2 Pin=U11-6
Added Pin To Net: NetName=SDA2 Pin=U13-22
Added Net: Name=SDA2
Added Pin To Net: NetName=SIV Pin=R4-2
Added Pin To Net: NetName=SIV Pin=U13-41
Added Net: Name=SIV
Added Pin To Net: NetName=Solar Pin=F1-2
Added Pin To Net: NetName=Solar Pin=J1-1
Added Pin To Net: NetName=Solar Pin=J1-2
Added Pin To Net: NetName=Solar Pin=R5-2
Added Net: Name=Solar
Added Pin To Net: NetName=SP1 Pin=R9-2
Added Pin To Net: NetName=SP1 Pin=U13-18
Added Net: Name=SP1
Added Pin To Net: NetName=SP2 Pin=R10-2
Added Pin To Net: NetName=SP2 Pin=U13-19
Added Net: Name=SP2
Added Pin To Net: NetName=SP3 Pin=R15-2
Added Pin To Net: NetName=SP3 Pin=U13-39
Added Pin To Net: NetName=SP3 Pin=U13-40
Added Net: Name=SP3
Added Pin To Net: NetName=SP4 Pin=R16-2
Added Net: Name=SP4
Added Pin To Net: NetName=TX Pin=JP1-3
Added Pin To Net: NetName=TX Pin=U13-13
Added Net: Name=TX
Added Pin To Net: NetName=Vbat Pin=D4-K
Added Pin To Net: NetName=Vbat Pin=JP2-2
Added Pin To Net: NetName=Vbat Pin=R17-2
Added Net: Name=Vbat
Added Pin To Net: NetName=VCC Pin=C2-1
Added Pin To Net: NetName=VCC Pin=C4-2
Added Pin To Net: NetName=VCC Pin=C5-2
Added Pin To Net: NetName=VCC Pin=C7-2
Added Pin To Net: NetName=VCC Pin=C9-1
Added Pin To Net: NetName=VCC Pin=C22-2
Added Pin To Net: NetName=VCC Pin=C23-2
Added Pin To Net: NetName=VCC Pin=C36-2
Added Pin To Net: NetName=VCC Pin=C37-2
Added Pin To Net: NetName=VCC Pin=C38-2
Added Pin To Net: NetName=VCC Pin=J1-8
Added Pin To Net: NetName=VCC Pin=J2-8
Added Pin To Net: NetName=VCC Pin=JP1-1
Added Pin To Net: NetName=VCC Pin=JP7-1
Added Pin To Net: NetName=VCC Pin=JP?-3
Added Pin To Net: NetName=VCC Pin=L1-2
Added Pin To Net: NetName=VCC Pin=LS1-1
Added Pin To Net: NetName=VCC Pin=R1-2
Added Pin To Net: NetName=VCC Pin=U5-8
Added Pin To Net: NetName=VCC Pin=U8-4
Added Pin To Net: NetName=VCC Pin=U9-4
Added Pin To Net: NetName=VCC Pin=U9-7
Added Pin To Net: NetName=VCC Pin=U10-4
Added Pin To Net: NetName=VCC Pin=U10-8
Added Pin To Net: NetName=VCC Pin=U11-4
Added Pin To Net: NetName=VCC Pin=U11-7
Added Pin To Net: NetName=VCC Pin=U11-8
Added Pin To Net: NetName=VCC Pin=U12-3
Added Net: Name=VCC
Added Pin To Net: NetName=Vout_P1 Pin=C10-1
Added Pin To Net: NetName=Vout_P1 Pin=C11-1
Added Pin To Net: NetName=Vout_P1 Pin=J3-8
Added Pin To Net: NetName=Vout_P1 Pin=L2-1
Added Pin To Net: NetName=Vout_P1 Pin=U8-1
Added Net: Name=Vout_P1
Added Pin To Net: NetName=Vout_P2 Pin=C12-1
Added Pin To Net: NetName=Vout_P2 Pin=C13-1
Added Pin To Net: NetName=Vout_P2 Pin=J4-8
Added Pin To Net: NetName=Vout_P2 Pin=L3-1
Added Pin To Net: NetName=Vout_P2 Pin=U9-1
Added Net: Name=Vout_P2
Added Pin To Net: NetName=Vout_P3 Pin=C24-1
Added Pin To Net: NetName=Vout_P3 Pin=C25-1
Added Pin To Net: NetName=Vout_P3 Pin=J5-8
Added Pin To Net: NetName=Vout_P3 Pin=L4-1
Added Pin To Net: NetName=Vout_P3 Pin=U10-1
Added Net: Name=Vout_P3
Added Pin To Net: NetName=Vout_P4 Pin=C26-1
Added Pin To Net: NetName=Vout_P4 Pin=C27-1
Added Pin To Net: NetName=Vout_P4 Pin=J6-8
Added Pin To Net: NetName=Vout_P4 Pin=L5-1
Added Pin To Net: NetName=Vout_P4 Pin=U11-1
Added Net: Name=Vout_P4
Added Pin To Net: NetName=VP1 Pin=JP3-4
Added Pin To Net: NetName=VP1 Pin=U8-2
Added Net: Name=VP1
Added Pin To Net: NetName=VP2 Pin=JP4-4
Added Pin To Net: NetName=VP2 Pin=U9-2
Added Net: Name=VP2
Added Pin To Net: NetName=VP3 Pin=JP5-4
Added Pin To Net: NetName=VP3 Pin=U10-2
Added Net: Name=VP3
Added Pin To Net: NetName=VP4 Pin=JP6-4
Added Pin To Net: NetName=VP4 Pin=U11-2
Added Net: Name=VP4
Added Pin To Net: NetName=Wind Pin=F2-2
Added Pin To Net: NetName=Wind Pin=J2-1
Added Pin To Net: NetName=Wind Pin=J2-2
Added Pin To Net: NetName=Wind Pin=R11-2
Added Net: Name=Wind
Added Class: Name=Mainboard
Added Class: Name=MCU
Added Class: Name=USB_charger
